Requirement already satisfied: pip in ./.venv/lib/python3.9/site-packages (26.0.1)
Job started: Sun Mar  1 10:15:40 PM EST 2026
Host: cccxc579
Job ID: 499901
Output root: /dccstor/principled_ai/users/saranyaibm2/xor/outputs/family_pipeline/cnf_dnf/20260301_221525
[cmd] /dccstor/principled_ai/users/saranyaibm2/xor/.venv/bin/python3 /dccstor/principled_ai/users/saranyaibm2/xor/solver/families/cnf_dnf/train.py train --task_name 3dnf_28d --seed 41 --output_dir /dccstor/principled_ai/users/saranyaibm2/xor/outputs/family_pipeline/cnf_dnf/20260301_221525/checkpoints/3dnf_28d_seed41 --project_root /dccstor/principled_ai/users/saranyaibm2/xor --train_tasks 120000 --train_eval_tasks 1000 --batch_size 128 --num_epochs 50 --clause_decoder autoregressive
epoch=1 step=100 loss=65.9028 sup=0.8454 union=1.2711 card=805.2439 bin=0.2361 div=0.9949 lr=1.27932e-05
epoch=1 step=200 loss=31.6661 sup=0.8363 union=0.9361 card=379.4984 bin=0.1954 div=0.9868 lr=2.55864e-05
epoch=1 step=300 loss=2.9993 sup=0.9711 union=0.6363 card=21.3621 bin=0.1097 div=0.9599 lr=3.83795e-05
epoch=1 step=400 loss=1.3036 sup=0.9821 union=0.5878 card=0.3334 bin=0.0949 div=0.9533 lr=5.11727e-05
epoch=1 step=500 loss=1.3021 sup=0.9824 union=0.5876 card=0.3112 bin=0.0949 div=0.9546 lr=6.39659e-05
epoch=1 step=600 loss=1.3010 sup=0.9827 union=0.5880 card=0.2917 bin=0.0950 div=0.9555 lr=7.67591e-05
epoch=1 step=700 loss=1.2985 sup=0.9814 union=0.5872 card=0.2815 bin=0.0950 div=0.9562 lr=8.95522e-05
epoch=1 step=800 loss=1.3004 sup=0.9846 union=0.5876 card=0.2632 bin=0.0950 div=0.9563 lr=0.000102345
epoch=1 step=900 loss=1.2975 sup=0.9821 union=0.5871 card=0.2613 bin=0.0949 div=0.9542 lr=0.000115139
[epoch 1] literal_recall_at_16=0.2946
epoch=2 step=1000 loss=1.2943 sup=0.9793 union=0.5863 card=0.2614 bin=0.0947 div=0.9450 lr=0.000127932
epoch=2 step=1100 loss=1.2961 sup=0.9815 union=0.5865 card=0.2541 bin=0.0946 div=0.9307 lr=0.000140725
epoch=2 step=1200 loss=1.2920 sup=0.9771 union=0.5851 card=0.2684 bin=0.0946 div=0.9208 lr=0.000153518
epoch=2 step=1300 loss=1.2863 sup=0.9726 union=0.5817 card=0.2736 bin=0.0943 div=0.9207 lr=0.000166311
epoch=2 step=1400 loss=1.2722 sup=0.9617 union=0.5765 card=0.2662 bin=0.0943 div=0.9192 lr=0.000179104
epoch=2 step=1500 loss=1.2635 sup=0.9534 union=0.5713 card=0.2931 bin=0.0943 div=0.9179 lr=0.000191898
epoch=2 step=1600 loss=1.2574 sup=0.9434 union=0.5666 card=0.3715 bin=0.0944 div=0.9211 lr=0.000204691
epoch=2 step=1700 loss=1.2276 sup=0.9295 union=0.5592 card=0.2198 bin=0.0941 div=0.9255 lr=0.000217484
epoch=2 step=1800 loss=1.2186 sup=0.9192 union=0.5546 card=0.2637 bin=0.0940 div=0.9264 lr=0.000230277
[epoch 2] literal_recall_at_16=0.4599
epoch=3 step=1900 loss=1.1874 sup=0.9001 union=0.5476 card=0.1570 bin=0.0936 div=0.9115 lr=0.00024307
epoch=3 step=2000 loss=1.1815 sup=0.8959 union=0.5452 card=0.1519 bin=0.0933 div=0.9008 lr=0.000255864
epoch=3 step=2100 loss=1.1669 sup=0.8843 union=0.5406 card=0.1429 bin=0.0929 div=0.8843 lr=0.000268657
epoch=3 step=2200 loss=1.1612 sup=0.8805 union=0.5388 card=0.1301 bin=0.0924 div=0.8670 lr=0.00028145
epoch=3 step=2300 loss=1.1607 sup=0.8753 union=0.5368 card=0.2011 bin=0.0918 div=0.8543 lr=0.000294243
epoch=3 step=2400 loss=1.1539 sup=0.8740 union=0.5363 card=0.1342 bin=0.0916 div=0.8417 lr=0.000299999
epoch=3 step=2500 loss=1.1450 sup=0.8662 union=0.5341 card=0.1354 bin=0.0913 div=0.8329 lr=0.000299992
epoch=3 step=2600 loss=1.1393 sup=0.8606 union=0.5328 card=0.1431 bin=0.0912 div=0.8296 lr=0.000299978
epoch=3 step=2700 loss=1.1308 sup=0.8536 union=0.5314 card=0.1334 bin=0.0911 div=0.8220 lr=0.000299958
epoch=3 step=2800 loss=1.1283 sup=0.8518 union=0.5320 card=0.1198 bin=0.0908 div=0.8129 lr=0.00029993
[epoch 3] literal_recall_at_16=0.4832
epoch=4 step=2900 loss=1.1186 sup=0.8428 union=0.5290 card=0.1303 bin=0.0903 div=0.8034 lr=0.000299896
epoch=4 step=3000 loss=1.1196 sup=0.8434 union=0.5296 card=0.1305 bin=0.0901 div=0.7975 lr=0.000299856
epoch=4 step=3100 loss=1.1202 sup=0.8408 union=0.5293 card=0.1726 bin=0.0897 div=0.7928 lr=0.000299808
epoch=4 step=3200 loss=1.1093 sup=0.8355 union=0.5282 card=0.1108 bin=0.0895 div=0.7816 lr=0.000299754
epoch=4 step=3300 loss=1.1072 sup=0.8329 union=0.5276 card=0.1200 bin=0.0893 div=0.7780 lr=0.000299693
epoch=4 step=3400 loss=1.1084 sup=0.8336 union=0.5280 card=0.1245 bin=0.0891 div=0.7752 lr=0.000299626
epoch=4 step=3500 loss=1.1053 sup=0.8317 union=0.5276 card=0.1111 bin=0.0889 div=0.7698 lr=0.000299551
epoch=4 step=3600 loss=1.1024 sup=0.8281 union=0.5266 card=0.1259 bin=0.0887 div=0.7675 lr=0.00029947
epoch=4 step=3700 loss=1.1074 sup=0.8306 union=0.5279 card=0.1495 bin=0.0885 div=0.7659 lr=0.000299383
[epoch 4] literal_recall_at_16=0.4862
epoch=5 step=3800 loss=1.1028 sup=0.8297 union=0.5274 card=0.1065 bin=0.0883 div=0.7592 lr=0.000299288
epoch=5 step=3900 loss=1.1001 sup=0.8265 union=0.5264 card=0.1187 bin=0.0881 div=0.7580 lr=0.000299187
epoch=5 step=4000 loss=1.0972 sup=0.8237 union=0.5261 card=0.1194 bin=0.0880 div=0.7535 lr=0.000299079
epoch=5 step=4100 loss=1.0934 sup=0.8200 union=0.5254 card=0.1232 bin=0.0878 div=0.7484 lr=0.000298965
epoch=5 step=4200 loss=1.0959 sup=0.8226 union=0.5263 card=0.1159 bin=0.0876 div=0.7433 lr=0.000298844
epoch=5 step=4300 loss=1.0923 sup=0.8192 union=0.5250 card=0.1215 bin=0.0874 div=0.7424 lr=0.000298716
epoch=5 step=4400 loss=1.0861 sup=0.8135 union=0.5240 card=0.1210 bin=0.0873 div=0.7370 lr=0.000298581
epoch=5 step=4500 loss=1.0889 sup=0.8158 union=0.5250 card=0.1222 bin=0.0872 div=0.7366 lr=0.00029844
epoch=5 step=4600 loss=1.0843 sup=0.8126 union=0.5244 card=0.1093 bin=0.0870 div=0.7316 lr=0.000298292
[epoch 5] literal_recall_at_16=0.4923
epoch=6 step=4700 loss=1.0857 sup=0.8120 union=0.5238 card=0.1364 bin=0.0867 div=0.7313 lr=0.000298137
epoch=6 step=4800 loss=1.0832 sup=0.8111 union=0.5237 card=0.1178 bin=0.0868 div=0.7259 lr=0.000297976
epoch=6 step=4900 loss=1.0810 sup=0.8087 union=0.5237 card=0.1200 bin=0.0866 div=0.7219 lr=0.000297809
epoch=6 step=5000 loss=1.0796 sup=0.8073 union=0.5230 card=0.1233 bin=0.0865 div=0.7191 lr=0.000297634
epoch=6 step=5100 loss=1.0753 sup=0.8033 union=0.5227 card=0.1228 bin=0.0863 div=0.7150 lr=0.000297453
epoch=6 step=5200 loss=1.0772 sup=0.8053 union=0.5228 card=0.1210 bin=0.0863 div=0.7140 lr=0.000297265
epoch=6 step=5300 loss=1.0750 sup=0.8032 union=0.5227 card=0.1200 bin=0.0862 div=0.7112 lr=0.000297071
epoch=6 step=5400 loss=1.0747 sup=0.8035 union=0.5222 card=0.1141 bin=0.0861 div=0.7115 lr=0.00029687
epoch=6 step=5500 loss=1.0737 sup=0.8011 union=0.5222 card=0.1327 bin=0.0859 div=0.7063 lr=0.000296663
epoch=6 step=5600 loss=1.0765 sup=0.8044 union=0.5231 card=0.1214 bin=0.0859 div=0.7053 lr=0.000296449
[epoch 6] literal_recall_at_16=0.4873
epoch=7 step=5700 loss=1.0697 sup=0.7990 union=0.5213 card=0.1145 bin=0.0858 div=0.7039 lr=0.000296228
epoch=7 step=5800 loss=1.0710 sup=0.7998 union=0.5222 card=0.1148 bin=0.0856 div=0.6987 lr=0.000296001
epoch=7 step=5900 loss=1.0692 sup=0.7990 union=0.5211 card=0.1103 bin=0.0857 div=0.7032 lr=0.000295767
epoch=7 step=6000 loss=1.0674 sup=0.7970 union=0.5205 card=0.1166 bin=0.0855 div=0.7004 lr=0.000295527
epoch=7 step=6100 loss=1.0673 sup=0.7966 union=0.5211 card=0.1160 bin=0.0855 div=0.6963 lr=0.00029528
epoch=7 step=6200 loss=1.0653 sup=0.7952 union=0.5201 card=0.1157 bin=0.0854 div=0.6958 lr=0.000295027
epoch=7 step=6300 loss=1.0675 sup=0.7972 union=0.5212 card=0.1110 bin=0.0854 div=0.6931 lr=0.000294767
epoch=7 step=6400 loss=1.0648 sup=0.7941 union=0.5204 card=0.1219 bin=0.0853 div=0.6931 lr=0.0002945
epoch=7 step=6500 loss=1.0701 sup=0.7990 union=0.5221 card=0.1145 bin=0.0853 div=0.6906 lr=0.000294228
[epoch 7] literal_recall_at_16=0.4941
epoch=8 step=6600 loss=1.0664 sup=0.7955 union=0.5204 card=0.1227 bin=0.0851 div=0.6887 lr=0.000293948
epoch=8 step=6700 loss=1.0635 sup=0.7938 union=0.5197 card=0.1129 bin=0.0851 div=0.6906 lr=0.000293663
epoch=8 step=6800 loss=1.0624 sup=0.7924 union=0.5197 card=0.1154 bin=0.0851 div=0.6881 lr=0.00029337
epoch=8 step=6900 loss=1.0643 sup=0.7931 union=0.5208 card=0.1246 bin=0.0851 div=0.6856 lr=0.000293072
epoch=8 step=7000 loss=1.0641 sup=0.7941 union=0.5204 card=0.1113 bin=0.0850 div=0.6840 lr=0.000292767
epoch=8 step=7100 loss=1.0673 sup=0.7967 union=0.5213 card=0.1128 bin=0.0850 div=0.6850 lr=0.000292455
epoch=8 step=7200 loss=1.0593 sup=0.7899 union=0.5187 card=0.1150 bin=0.0848 div=0.6837 lr=0.000292137
epoch=8 step=7300 loss=1.0560 sup=0.7872 union=0.5173 card=0.1170 bin=0.0847 div=0.6811 lr=0.000291813
epoch=8 step=7400 loss=1.0588 sup=0.7894 union=0.5193 card=0.1112 bin=0.0848 div=0.6806 lr=0.000291483
epoch=8 step=7500 loss=1.0610 sup=0.7918 union=0.5194 card=0.1089 bin=0.0847 div=0.6811 lr=0.000291146
[epoch 8] literal_recall_at_16=0.4966
epoch=9 step=7600 loss=1.0572 sup=0.7883 union=0.5182 card=0.1117 bin=0.0847 div=0.6813 lr=0.000290802
epoch=9 step=7700 loss=1.0598 sup=0.7900 union=0.5194 card=0.1165 bin=0.0846 div=0.6783 lr=0.000290453
epoch=9 step=7800 loss=1.0584 sup=0.7893 union=0.5188 card=0.1106 bin=0.0846 div=0.6796 lr=0.000290097
epoch=9 step=7900 loss=1.0547 sup=0.7857 union=0.5179 card=0.1159 bin=0.0845 div=0.6734 lr=0.000289735
epoch=9 step=8000 loss=1.0570 sup=0.7878 union=0.5182 card=0.1149 bin=0.0845 div=0.6745 lr=0.000289366
epoch=9 step=8100 loss=1.0565 sup=0.7874 union=0.5184 card=0.1139 bin=0.0845 div=0.6768 lr=0.000288992
epoch=9 step=8200 loss=1.0570 sup=0.7881 union=0.5181 card=0.1126 bin=0.0845 div=0.6760 lr=0.000288611
epoch=9 step=8300 loss=1.0538 sup=0.7857 union=0.5176 card=0.1061 bin=0.0844 div=0.6731 lr=0.000288224
epoch=9 step=8400 loss=1.0623 sup=0.7926 union=0.5198 card=0.1122 bin=0.0844 div=0.6743 lr=0.00028783
[epoch 9] literal_recall_at_16=0.4984
epoch=10 step=8500 loss=1.0558 sup=0.7872 union=0.5185 card=0.1059 bin=0.0844 div=0.6727 lr=0.000287431
epoch=10 step=8600 loss=1.0550 sup=0.7854 union=0.5181 card=0.1206 bin=0.0843 div=0.6713 lr=0.000287025
epoch=10 step=8700 loss=1.0579 sup=0.7883 union=0.5190 card=0.1160 bin=0.0843 div=0.6732 lr=0.000286613
epoch=10 step=8800 loss=1.0534 sup=0.7850 union=0.5176 card=0.1087 bin=0.0842 div=0.6705 lr=0.000286195
epoch=10 step=8900 loss=1.0508 sup=0.7824 union=0.5170 card=0.1136 bin=0.0842 div=0.6696 lr=0.000285771
epoch=10 step=9000 loss=1.0551 sup=0.7865 union=0.5182 card=0.1085 bin=0.0843 div=0.6714 lr=0.000285341
epoch=10 step=9100 loss=1.0524 sup=0.7831 union=0.5180 card=0.1189 bin=0.0840 div=0.6629 lr=0.000284905
epoch=10 step=9200 loss=1.0516 sup=0.7831 union=0.5170 card=0.1150 bin=0.0840 div=0.6655 lr=0.000284462
epoch=10 step=9300 loss=1.0494 sup=0.7818 union=0.5165 card=0.1057 bin=0.0839 div=0.6626 lr=0.000284014
[epoch 10] literal_recall_at_16=0.4984
epoch=11 step=9400 loss=1.0483 sup=0.7805 union=0.5160 card=0.1124 bin=0.0839 div=0.6632 lr=0.00028356
epoch=11 step=9500 loss=1.0518 sup=0.7835 union=0.5174 card=0.1103 bin=0.0840 div=0.6641 lr=0.000283099
epoch=11 step=9600 loss=1.0470 sup=0.7794 union=0.5163 card=0.1088 bin=0.0838 div=0.6592 lr=0.000282633
epoch=11 step=9700 loss=1.0529 sup=0.7843 union=0.5175 card=0.1127 bin=0.0838 div=0.6614 lr=0.000282161
epoch=11 step=9800 loss=1.0499 sup=0.7820 union=0.5167 card=0.1089 bin=0.0838 div=0.6572 lr=0.000281682
epoch=11 step=9900 loss=1.0456 sup=0.7784 union=0.5154 card=0.1083 bin=0.0836 div=0.6553 lr=0.000281198
epoch=11 step=10000 loss=1.0440 sup=0.7769 union=0.5151 card=0.1079 bin=0.0836 div=0.6576 lr=0.000280708
epoch=11 step=10100 loss=1.0468 sup=0.7793 union=0.5158 card=0.1100 bin=0.0837 div=0.6565 lr=0.000280213
epoch=11 step=10200 loss=1.0462 sup=0.7787 union=0.5163 card=0.1063 bin=0.0836 div=0.6539 lr=0.000279711
epoch=11 step=10300 loss=1.0408 sup=0.7744 union=0.5144 card=0.1057 bin=0.0833 div=0.6479 lr=0.000279203
[epoch 11] literal_recall_at_16=0.5049
epoch=12 step=10400 loss=1.0435 sup=0.7763 union=0.5152 card=0.1100 bin=0.0834 div=0.6484 lr=0.00027869
epoch=12 step=10500 loss=1.0458 sup=0.7784 union=0.5160 card=0.1075 bin=0.0834 div=0.6484 lr=0.000278171
epoch=12 step=10600 loss=1.0463 sup=0.7779 union=0.5165 card=0.1167 bin=0.0833 div=0.6440 lr=0.000277646
epoch=12 step=10700 loss=1.0461 sup=0.7783 union=0.5159 card=0.1130 bin=0.0833 div=0.6491 lr=0.000277115
epoch=12 step=10800 loss=1.0461 sup=0.7785 union=0.5163 card=0.1078 bin=0.0832 div=0.6435 lr=0.000276579
epoch=12 step=10900 loss=1.0420 sup=0.7749 union=0.5150 card=0.1096 bin=0.0830 div=0.6382 lr=0.000276037
epoch=12 step=11000 loss=1.0405 sup=0.7738 union=0.5145 card=0.1077 bin=0.0830 div=0.6413 lr=0.00027549
epoch=12 step=11100 loss=1.0376 sup=0.7710 union=0.5139 card=0.1105 bin=0.0828 div=0.6360 lr=0.000274936
epoch=12 step=11200 loss=1.0453 sup=0.7779 union=0.5165 card=0.1046 bin=0.0829 div=0.6353 lr=0.000274377
[epoch 12] literal_recall_at_16=0.5065
epoch=13 step=11300 loss=1.0371 sup=0.7716 union=0.5129 card=0.1027 bin=0.0828 div=0.6339 lr=0.000273813
epoch=13 step=11400 loss=1.0377 sup=0.7711 union=0.5140 card=0.1104 bin=0.0827 div=0.6344 lr=0.000273243
epoch=13 step=11500 loss=1.0360 sup=0.7701 union=0.5132 card=0.1064 bin=0.0826 div=0.6307 lr=0.000272668
epoch=13 step=11600 loss=1.0387 sup=0.7722 union=0.5149 card=0.1032 bin=0.0826 div=0.6309 lr=0.000272087
epoch=13 step=11700 loss=1.0377 sup=0.7716 union=0.5143 card=0.1013 bin=0.0827 div=0.6332 lr=0.0002715
epoch=13 step=11800 loss=1.0392 sup=0.7729 union=0.5145 card=0.1026 bin=0.0826 div=0.6319 lr=0.000270908
epoch=13 step=11900 loss=1.0397 sup=0.7734 union=0.5145 card=0.1030 bin=0.0826 div=0.6316 lr=0.000270311
epoch=13 step=12000 loss=1.0342 sup=0.7685 union=0.5129 card=0.1057 bin=0.0825 div=0.6296 lr=0.000269708
epoch=13 step=12100 loss=1.0306 sup=0.7651 union=0.5118 card=0.1104 bin=0.0822 div=0.6242 lr=0.0002691
[epoch 13] literal_recall_at_16=0.5027
epoch=14 step=12200 loss=1.0411 sup=0.7741 union=0.5166 card=0.0985 bin=0.0828 div=0.6238 lr=0.000268486
epoch=14 step=12300 loss=1.0351 sup=0.7694 union=0.5134 card=0.1032 bin=0.0822 div=0.6233 lr=0.000267867
epoch=14 step=12400 loss=1.0356 sup=0.7692 union=0.5142 card=0.1053 bin=0.0823 div=0.6269 lr=0.000267243
epoch=14 step=12500 loss=1.0312 sup=0.7661 union=0.5120 card=0.1043 bin=0.0822 div=0.6261 lr=0.000266614
epoch=14 step=12600 loss=1.0333 sup=0.7674 union=0.5131 card=0.1061 bin=0.0822 div=0.6228 lr=0.000265979
epoch=14 step=12700 loss=1.0308 sup=0.7652 union=0.5126 card=0.1060 bin=0.0821 div=0.6208 lr=0.00026534
epoch=14 step=12800 loss=1.0333 sup=0.7672 union=0.5137 card=0.1049 bin=0.0821 div=0.6194 lr=0.000264695
epoch=14 step=12900 loss=1.0278 sup=0.7625 union=0.5123 card=0.1035 bin=0.0819 div=0.6163 lr=0.000264045
epoch=14 step=13000 loss=1.0317 sup=0.7667 union=0.5122 card=0.1001 bin=0.0821 div=0.6221 lr=0.000263389
epoch=14 step=13100 loss=1.0309 sup=0.7657 union=0.5125 card=0.1013 bin=0.0820 div=0.6205 lr=0.000262729
[epoch 14] literal_recall_at_16=0.5048
epoch=15 step=13200 loss=1.0316 sup=0.7665 union=0.5122 card=0.1023 bin=0.0821 div=0.6233 lr=0.000262064
epoch=15 step=13300 loss=1.0307 sup=0.7651 union=0.5124 card=0.1067 bin=0.0819 div=0.6167 lr=0.000261393
epoch=15 step=13400 loss=1.0295 sup=0.7643 union=0.5120 card=0.1039 bin=0.0818 div=0.6159 lr=0.000260718
epoch=15 step=13500 loss=1.0285 sup=0.7641 union=0.5115 card=0.0980 bin=0.0819 div=0.6178 lr=0.000260037
epoch=15 step=13600 loss=1.0282 sup=0.7628 union=0.5121 card=0.1069 bin=0.0818 div=0.6151 lr=0.000259352
epoch=15 step=13700 loss=1.0268 sup=0.7613 union=0.5108 card=0.1159 bin=0.0819 div=0.6194 lr=0.000258662
epoch=15 step=13800 loss=1.0294 sup=0.7644 union=0.5120 card=0.1016 bin=0.0818 div=0.6183 lr=0.000257967
epoch=15 step=13900 loss=1.0268 sup=0.7624 union=0.5117 card=0.0962 bin=0.0818 div=0.6145 lr=0.000257267
epoch=15 step=14000 loss=1.0249 sup=0.7600 union=0.5114 card=0.1040 bin=0.0817 div=0.6123 lr=0.000256562
[epoch 15] literal_recall_at_16=0.5054
epoch=16 step=14100 loss=1.0298 sup=0.7645 union=0.5116 card=0.1088 bin=0.0819 div=0.6212 lr=0.000255853
epoch=16 step=14200 loss=1.0263 sup=0.7616 union=0.5116 card=0.1022 bin=0.0815 div=0.6111 lr=0.000255138
epoch=16 step=14300 loss=1.0245 sup=0.7597 union=0.5107 card=0.1088 bin=0.0815 div=0.6111 lr=0.000254419
epoch=16 step=14400 loss=1.0236 sup=0.7590 union=0.5103 card=0.1075 bin=0.0816 div=0.6151 lr=0.000253696
epoch=16 step=14500 loss=1.0288 sup=0.7638 union=0.5118 card=0.1036 bin=0.0816 div=0.6136 lr=0.000252967
epoch=16 step=14600 loss=1.0250 sup=0.7603 union=0.5111 card=0.1036 bin=0.0815 div=0.6112 lr=0.000252234
epoch=16 step=14700 loss=1.0190 sup=0.7555 union=0.5093 card=0.1014 bin=0.0814 div=0.6085 lr=0.000251497
epoch=16 step=14800 loss=1.0257 sup=0.7609 union=0.5113 card=0.1049 bin=0.0815 div=0.6106 lr=0.000250755
epoch=16 step=14900 loss=1.0219 sup=0.7579 union=0.5103 card=0.1002 bin=0.0814 div=0.6060 lr=0.000250008
epoch=16 step=15000 loss=1.0306 sup=0.7649 union=0.5128 card=0.1058 bin=0.0816 div=0.6112 lr=0.000249257
[epoch 16] literal_recall_at_16=0.5104
epoch=17 step=15100 loss=1.0285 sup=0.7634 union=0.5122 card=0.1026 bin=0.0814 div=0.6102 lr=0.000248502
epoch=17 step=15200 loss=1.0242 sup=0.7600 union=0.5106 card=0.1007 bin=0.0814 div=0.6074 lr=0.000247742
epoch=17 step=15300 loss=1.0182 sup=0.7550 union=0.5091 card=0.0989 bin=0.0812 div=0.6040 lr=0.000246977
epoch=17 step=15400 loss=1.0233 sup=0.7591 union=0.5104 card=0.1031 bin=0.0813 div=0.6078 lr=0.000246208
epoch=17 step=15500 loss=1.0227 sup=0.7586 union=0.5103 card=0.1022 bin=0.0813 div=0.6091 lr=0.000245435
epoch=17 step=15600 loss=1.0231 sup=0.7592 union=0.5106 card=0.0978 bin=0.0813 div=0.6072 lr=0.000244658
epoch=17 step=15700 loss=1.0257 sup=0.7615 union=0.5110 card=0.0985 bin=0.0814 div=0.6099 lr=0.000243877
epoch=17 step=15800 loss=1.0182 sup=0.7548 union=0.5094 card=0.0990 bin=0.0811 div=0.6022 lr=0.000243091
epoch=17 step=15900 loss=1.0172 sup=0.7533 union=0.5088 card=0.1079 bin=0.0811 div=0.6043 lr=0.000242301
[epoch 17] literal_recall_at_16=0.5079
epoch=18 step=16000 loss=1.0216 sup=0.7582 union=0.5097 card=0.0974 bin=0.0812 div=0.6064 lr=0.000241507
epoch=18 step=16100 loss=1.0212 sup=0.7574 union=0.5096 card=0.1022 bin=0.0811 div=0.6037 lr=0.000240709
epoch=18 step=16200 loss=1.0208 sup=0.7571 union=0.5098 card=0.1003 bin=0.0811 div=0.6036 lr=0.000239906
epoch=18 step=16300 loss=1.0182 sup=0.7547 union=0.5095 card=0.0988 bin=0.0810 div=0.6015 lr=0.0002391
epoch=18 step=16400 loss=1.0186 sup=0.7549 union=0.5091 card=0.1040 bin=0.0811 div=0.6041 lr=0.00023829
epoch=18 step=16500 loss=1.0183 sup=0.7544 union=0.5091 card=0.1072 bin=0.0810 div=0.6009 lr=0.000237475
epoch=18 step=16600 loss=1.0190 sup=0.7559 union=0.5089 card=0.0981 bin=0.0811 div=0.6048 lr=0.000236657
epoch=18 step=16700 loss=1.0166 sup=0.7535 union=0.5088 card=0.0986 bin=0.0810 div=0.6040 lr=0.000235835
epoch=18 step=16800 loss=1.0172 sup=0.7539 union=0.5091 card=0.0994 bin=0.0809 div=0.6011 lr=0.000235009
[epoch 18] literal_recall_at_16=0.5113
epoch=19 step=16900 loss=1.0021 sup=0.7409 union=0.5048 card=0.0994 bin=0.0806 div=0.5973 lr=0.000234179
epoch=19 step=17000 loss=1.0198 sup=0.7568 union=0.5091 card=0.0966 bin=0.0810 div=0.6040 lr=0.000233346
epoch=19 step=17100 loss=1.0170 sup=0.7538 union=0.5090 card=0.0992 bin=0.0809 div=0.6005 lr=0.000232509
epoch=19 step=17200 loss=1.0167 sup=0.7538 union=0.5089 card=0.0962 bin=0.0809 div=0.6007 lr=0.000231668
epoch=19 step=17300 loss=1.0222 sup=0.7582 union=0.5110 card=0.0968 bin=0.0810 div=0.5994 lr=0.000230823
epoch=19 step=17400 loss=1.0180 sup=0.7545 union=0.5096 card=0.0989 bin=0.0808 div=0.5982 lr=0.000229975
epoch=19 step=17500 loss=1.0176 sup=0.7536 union=0.5096 card=0.1044 bin=0.0808 div=0.5978 lr=0.000229123
epoch=19 step=17600 loss=1.0104 sup=0.7483 union=0.5074 card=0.0960 bin=0.0807 div=0.5950 lr=0.000228268
epoch=19 step=17700 loss=1.0153 sup=0.7524 union=0.5089 card=0.0953 bin=0.0807 div=0.5946 lr=0.000227409
epoch=19 step=17800 loss=1.0170 sup=0.7541 union=0.5087 card=0.0968 bin=0.0808 div=0.6018 lr=0.000226546
[epoch 19] literal_recall_at_16=0.5121
epoch=20 step=17900 loss=1.0166 sup=0.7535 union=0.5094 card=0.0954 bin=0.0807 div=0.5959 lr=0.000225681
epoch=20 step=18000 loss=1.0186 sup=0.7549 union=0.5095 card=0.1010 bin=0.0808 div=0.5996 lr=0.000224811
epoch=20 step=18100 loss=1.0125 sup=0.7503 union=0.5074 card=0.0968 bin=0.0806 div=0.5947 lr=0.000223939
epoch=20 step=18200 loss=1.0123 sup=0.7496 union=0.5083 card=0.0963 bin=0.0805 div=0.5921 lr=0.000223063
epoch=20 step=18300 loss=1.0087 sup=0.7468 union=0.5070 card=0.0956 bin=0.0805 div=0.5918 lr=0.000222184
epoch=20 step=18400 loss=1.0192 sup=0.7557 union=0.5096 card=0.0986 bin=0.0808 div=0.5974 lr=0.000221301
epoch=20 step=18500 loss=1.0128 sup=0.7500 union=0.5077 card=0.1020 bin=0.0806 div=0.5944 lr=0.000220416
epoch=20 step=18600 loss=1.0143 sup=0.7522 union=0.5079 card=0.0920 bin=0.0807 div=0.5986 lr=0.000219527
epoch=20 step=18700 loss=1.0126 sup=0.7497 union=0.5080 card=0.1011 bin=0.0805 div=0.5945 lr=0.000218635
[epoch 20] literal_recall_at_16=0.5158
epoch=21 step=18800 loss=1.0129 sup=0.7505 union=0.5080 card=0.0951 bin=0.0807 div=0.5978 lr=0.00021774
epoch=21 step=18900 loss=1.0137 sup=0.7511 union=0.5087 card=0.0932 bin=0.0805 div=0.5917 lr=0.000216842
epoch=21 step=19000 loss=1.0149 sup=0.7520 union=0.5086 card=0.0974 bin=0.0806 div=0.5939 lr=0.000215941
epoch=21 step=19100 loss=1.0138 sup=0.7507 union=0.5089 card=0.0973 bin=0.0805 div=0.5910 lr=0.000215037
epoch=21 step=19200 loss=1.0133 sup=0.7500 union=0.5083 card=0.1044 bin=0.0805 div=0.5907 lr=0.00021413
epoch=21 step=19300 loss=1.0088 sup=0.7472 union=0.5065 card=0.0935 bin=0.0805 div=0.5940 lr=0.000213221
epoch=21 step=19400 loss=1.0137 sup=0.7513 union=0.5081 card=0.0941 bin=0.0805 div=0.5958 lr=0.000212308
epoch=21 step=19500 loss=1.0149 sup=0.7522 union=0.5085 card=0.0944 bin=0.0806 div=0.5936 lr=0.000211393
epoch=21 step=19600 loss=1.0087 sup=0.7472 union=0.5066 card=0.0923 bin=0.0804 div=0.5937 lr=0.000210475
[epoch 21] literal_recall_at_16=0.5142
epoch=22 step=19700 loss=1.0212 sup=0.7589 union=0.5104 card=0.0785 bin=0.0806 div=0.5911 lr=0.000209554
epoch=22 step=19800 loss=1.0084 sup=0.7467 union=0.5061 card=0.0986 bin=0.0804 div=0.5924 lr=0.00020863
epoch=22 step=19900 loss=1.0091 sup=0.7473 union=0.5071 card=0.0931 bin=0.0803 div=0.5895 lr=0.000207704
epoch=22 step=20000 loss=1.0117 sup=0.7495 union=0.5078 card=0.0943 bin=0.0805 div=0.5914 lr=0.000206775
epoch=22 step=20100 loss=1.0119 sup=0.7496 union=0.5073 card=0.0974 bin=0.0804 div=0.5921 lr=0.000205844
epoch=22 step=20200 loss=1.0139 sup=0.7511 union=0.5083 card=0.0978 bin=0.0804 div=0.5902 lr=0.00020491
epoch=22 step=20300 loss=1.0079 sup=0.7462 union=0.5066 card=0.0948 bin=0.0802 div=0.5876 lr=0.000203974
epoch=22 step=20400 loss=1.0115 sup=0.7495 union=0.5074 card=0.0932 bin=0.0804 div=0.5918 lr=0.000203035
epoch=22 step=20500 loss=1.0062 sup=0.7449 union=0.5059 card=0.0954 bin=0.0802 div=0.5893 lr=0.000202094
epoch=22 step=20600 loss=1.0040 sup=0.7432 union=0.5050 card=0.0935 bin=0.0802 div=0.5896 lr=0.000201151
[epoch 22] literal_recall_at_16=0.5176
epoch=23 step=20700 loss=1.0114 sup=0.7495 union=0.5077 card=0.0896 bin=0.0804 div=0.5907 lr=0.000200205
epoch=23 step=20800 loss=1.0088 sup=0.7472 union=0.5067 card=0.0929 bin=0.0803 div=0.5898 lr=0.000199257
epoch=23 step=20900 loss=1.0031 sup=0.7423 union=0.5052 card=0.0922 bin=0.0800 div=0.5827 lr=0.000198307
epoch=23 step=21000 loss=1.0097 sup=0.7474 union=0.5080 card=0.0932 bin=0.0803 div=0.5876 lr=0.000197355
epoch=23 step=21100 loss=1.0114 sup=0.7492 union=0.5076 card=0.0942 bin=0.0802 div=0.5878 lr=0.0001964
epoch=23 step=21200 loss=1.0088 sup=0.7474 union=0.5067 card=0.0907 bin=0.0803 div=0.5888 lr=0.000195444
epoch=23 step=21300 loss=1.0090 sup=0.7473 union=0.5066 card=0.0958 bin=0.0802 div=0.5858 lr=0.000194485
epoch=23 step=21400 loss=1.0064 sup=0.7449 union=0.5065 card=0.0927 bin=0.0801 div=0.5852 lr=0.000193525
epoch=23 step=21500 loss=1.0040 sup=0.7427 union=0.5055 card=0.0965 bin=0.0800 div=0.5847 lr=0.000192562
[epoch 23] literal_recall_at_16=0.5144
epoch=24 step=21600 loss=1.0023 sup=0.7413 union=0.5053 card=0.0945 bin=0.0799 div=0.5843 lr=0.000191598
epoch=24 step=21700 loss=1.0057 sup=0.7447 union=0.5051 card=0.0953 bin=0.0801 div=0.5875 lr=0.000190631
epoch=24 step=21800 loss=1.0052 sup=0.7443 union=0.5056 card=0.0925 bin=0.0801 div=0.5881 lr=0.000189663
epoch=24 step=21900 loss=1.0040 sup=0.7428 union=0.5056 card=0.0946 bin=0.0800 div=0.5840 lr=0.000188693
epoch=24 step=22000 loss=1.0053 sup=0.7442 union=0.5054 card=0.0947 bin=0.0800 div=0.5865 lr=0.000187722
epoch=24 step=22100 loss=1.0122 sup=0.7501 union=0.5077 card=0.0933 bin=0.0801 div=0.5865 lr=0.000186748
epoch=24 step=22200 loss=1.0096 sup=0.7479 union=0.5073 card=0.0896 bin=0.0801 div=0.5829 lr=0.000185774
epoch=24 step=22300 loss=1.0103 sup=0.7488 union=0.5065 card=0.0943 bin=0.0800 div=0.5846 lr=0.000184797
epoch=24 step=22400 loss=1.0086 sup=0.7472 union=0.5067 card=0.0912 bin=0.0801 div=0.5853 lr=0.000183819
epoch=24 step=22500 loss=1.0118 sup=0.7501 union=0.5072 card=0.0902 bin=0.0802 div=0.5876 lr=0.000182839
[epoch 24] literal_recall_at_16=0.5149
epoch=25 step=22600 loss=1.0075 sup=0.7466 union=0.5062 card=0.0885 bin=0.0800 div=0.5847 lr=0.000181858
epoch=25 step=22700 loss=1.0046 sup=0.7435 union=0.5059 card=0.0917 bin=0.0799 div=0.5827 lr=0.000180875
epoch=25 step=22800 loss=1.0071 sup=0.7461 union=0.5063 card=0.0892 bin=0.0800 div=0.5835 lr=0.000179892
epoch=25 step=22900 loss=1.0043 sup=0.7431 union=0.5056 card=0.0939 bin=0.0799 div=0.5815 lr=0.000178906
epoch=25 step=23000 loss=1.0039 sup=0.7432 union=0.5056 card=0.0892 bin=0.0800 div=0.5840 lr=0.00017792
epoch=25 step=23100 loss=1.0010 sup=0.7405 union=0.5043 card=0.0948 bin=0.0798 div=0.5842 lr=0.000176932
epoch=25 step=23200 loss=1.0009 sup=0.7408 union=0.5044 card=0.0894 bin=0.0797 div=0.5778 lr=0.000175943
epoch=25 step=23300 loss=1.0046 sup=0.7439 union=0.5056 card=0.0888 bin=0.0799 div=0.5807 lr=0.000174953
epoch=25 step=23400 loss=1.0054 sup=0.7444 union=0.5061 card=0.0881 bin=0.0798 div=0.5800 lr=0.000173961
[epoch 25] literal_recall_at_16=0.5202
epoch=26 step=23500 loss=1.0001 sup=0.7401 union=0.5042 card=0.0881 bin=0.0796 div=0.5767 lr=0.000172969
epoch=26 step=23600 loss=1.0010 sup=0.7406 union=0.5045 card=0.0923 bin=0.0797 div=0.5802 lr=0.000171975
epoch=26 step=23700 loss=1.0084 sup=0.7465 union=0.5072 card=0.0950 bin=0.0799 div=0.5800 lr=0.000170981
epoch=26 step=23800 loss=1.0023 sup=0.7420 union=0.5049 card=0.0883 bin=0.0797 div=0.5789 lr=0.000169986
epoch=26 step=23900 loss=1.0065 sup=0.7454 union=0.5065 card=0.0891 bin=0.0797 div=0.5777 lr=0.000168989
epoch=26 step=24000 loss=1.0015 sup=0.7412 union=0.5048 card=0.0897 bin=0.0797 div=0.5776 lr=0.000167992
epoch=26 step=24100 loss=1.0032 sup=0.7427 union=0.5053 card=0.0875 bin=0.0798 div=0.5814 lr=0.000166994
epoch=26 step=24200 loss=0.9992 sup=0.7394 union=0.5038 card=0.0894 bin=0.0796 div=0.5750 lr=0.000165996
epoch=26 step=24300 loss=1.0008 sup=0.7408 union=0.5045 card=0.0872 bin=0.0796 div=0.5774 lr=0.000164996
[epoch 26] literal_recall_at_16=0.5145
epoch=27 step=24400 loss=1.0005 sup=0.7404 union=0.5040 card=0.0912 bin=0.0796 div=0.5788 lr=0.000163996
epoch=27 step=24500 loss=1.0061 sup=0.7447 union=0.5065 card=0.0923 bin=0.0797 div=0.5768 lr=0.000162996
epoch=27 step=24600 loss=0.9974 sup=0.7374 union=0.5034 card=0.0940 bin=0.0795 div=0.5749 lr=0.000161994
epoch=27 step=24700 loss=1.0016 sup=0.7413 union=0.5051 card=0.0865 bin=0.0797 div=0.5745 lr=0.000160992
epoch=27 step=24800 loss=0.9985 sup=0.7384 union=0.5037 card=0.0935 bin=0.0795 div=0.5752 lr=0.00015999
epoch=27 step=24900 loss=1.0024 sup=0.7421 union=0.5045 card=0.0903 bin=0.0796 div=0.5778 lr=0.000158987
epoch=27 step=25000 loss=0.9982 sup=0.7385 union=0.5037 card=0.0877 bin=0.0795 div=0.5756 lr=0.000157984
epoch=27 step=25100 loss=1.0030 sup=0.7424 union=0.5050 card=0.0908 bin=0.0797 div=0.5775 lr=0.000156981
epoch=27 step=25200 loss=0.9966 sup=0.7369 union=0.5034 card=0.0898 bin=0.0795 div=0.5738 lr=0.000155977
epoch=27 step=25300 loss=1.0006 sup=0.7405 union=0.5048 card=0.0867 bin=0.0796 div=0.5737 lr=0.000154973
[epoch 27] literal_recall_at_16=0.5212
epoch=28 step=25400 loss=1.0046 sup=0.7438 union=0.5057 card=0.0896 bin=0.0795 div=0.5728 lr=0.000153968
epoch=28 step=25500 loss=1.0008 sup=0.7406 union=0.5043 card=0.0912 bin=0.0794 div=0.5738 lr=0.000152964
epoch=28 step=25600 loss=0.9972 sup=0.7376 union=0.5033 card=0.0890 bin=0.0795 div=0.5733 lr=0.000151959
epoch=28 step=25700 loss=1.0009 sup=0.7406 union=0.5048 card=0.0885 bin=0.0795 div=0.5733 lr=0.000150955
epoch=28 step=25800 loss=0.9941 sup=0.7351 union=0.5022 card=0.0898 bin=0.0792 div=0.5678 lr=0.00014995
epoch=28 step=25900 loss=0.9963 sup=0.7364 union=0.5030 card=0.0947 bin=0.0794 div=0.5733 lr=0.000148945
epoch=28 step=26000 loss=1.0006 sup=0.7403 union=0.5048 card=0.0887 bin=0.0795 div=0.5717 lr=0.00014794
epoch=28 step=26100 loss=0.9974 sup=0.7379 union=0.5036 card=0.0867 bin=0.0793 div=0.5710 lr=0.000146936
epoch=28 step=26200 loss=0.9954 sup=0.7361 union=0.5029 card=0.0883 bin=0.0792 div=0.5693 lr=0.000145931
[epoch 28] literal_recall_at_16=0.5163
epoch=29 step=26300 loss=0.9967 sup=0.7373 union=0.5040 card=0.0835 bin=0.0793 div=0.5687 lr=0.000144927
epoch=29 step=26400 loss=0.9978 sup=0.7384 union=0.5035 card=0.0862 bin=0.0793 div=0.5711 lr=0.000143923
epoch=29 step=26500 loss=0.9995 sup=0.7400 union=0.5035 card=0.0863 bin=0.0794 div=0.5718 lr=0.000142919
epoch=29 step=26600 loss=0.9949 sup=0.7356 union=0.5031 card=0.0869 bin=0.0792 div=0.5670 lr=0.000141915
epoch=29 step=26700 loss=1.0020 sup=0.7419 union=0.5044 card=0.0891 bin=0.0794 div=0.5710 lr=0.000140912
epoch=29 step=26800 loss=0.9968 sup=0.7375 union=0.5031 card=0.0873 bin=0.0792 div=0.5703 lr=0.00013991
epoch=29 step=26900 loss=0.9943 sup=0.7348 union=0.5032 card=0.0889 bin=0.0791 div=0.5651 lr=0.000138907
epoch=29 step=27000 loss=0.9962 sup=0.7366 union=0.5032 card=0.0894 bin=0.0792 div=0.5671 lr=0.000137906
epoch=29 step=27100 loss=0.9990 sup=0.7390 union=0.5044 card=0.0867 bin=0.0793 div=0.5692 lr=0.000136904
epoch=29 step=27200 loss=0.9968 sup=0.7372 union=0.5036 card=0.0870 bin=0.0791 div=0.5658 lr=0.000135904
[epoch 29] literal_recall_at_16=0.5220
epoch=30 step=27300 loss=0.9955 sup=0.7362 union=0.5024 card=0.0912 bin=0.0792 div=0.5690 lr=0.000134904
epoch=30 step=27400 loss=0.9921 sup=0.7333 union=0.5022 card=0.0870 bin=0.0791 div=0.5642 lr=0.000133904
epoch=30 step=27500 loss=0.9982 sup=0.7387 union=0.5034 card=0.0879 bin=0.0792 div=0.5662 lr=0.000132906
epoch=30 step=27600 loss=0.9926 sup=0.7341 union=0.5018 card=0.0861 bin=0.0791 div=0.5656 lr=0.000131908
epoch=30 step=27700 loss=0.9934 sup=0.7349 union=0.5018 card=0.0852 bin=0.0792 div=0.5699 lr=0.000130911
epoch=30 step=27800 loss=0.9961 sup=0.7370 union=0.5029 card=0.0862 bin=0.0792 div=0.5672 lr=0.000129915
epoch=30 step=27900 loss=0.9944 sup=0.7355 union=0.5026 card=0.0850 bin=0.0791 div=0.5659 lr=0.00012892
epoch=30 step=28000 loss=0.9946 sup=0.7355 union=0.5026 card=0.0881 bin=0.0791 div=0.5661 lr=0.000127925
epoch=30 step=28100 loss=0.9920 sup=0.7335 union=0.5015 card=0.0873 bin=0.0791 div=0.5667 lr=0.000126932
[epoch 30] literal_recall_at_16=0.5199
epoch=31 step=28200 loss=0.9976 sup=0.7381 union=0.5034 card=0.0879 bin=0.0791 div=0.5655 lr=0.00012594
epoch=31 step=28300 loss=0.9950 sup=0.7360 union=0.5027 card=0.0854 bin=0.0791 div=0.5671 lr=0.000124948
epoch=31 step=28400 loss=0.9937 sup=0.7345 union=0.5029 card=0.0871 bin=0.0791 div=0.5630 lr=0.000123958
epoch=31 step=28500 loss=0.9891 sup=0.7308 union=0.5011 card=0.0882 bin=0.0790 div=0.5625 lr=0.000122969
epoch=31 step=28600 loss=0.9913 sup=0.7327 union=0.5020 card=0.0844 bin=0.0790 div=0.5638 lr=0.000121982
epoch=31 step=28700 loss=0.9984 sup=0.7387 union=0.5037 card=0.0872 bin=0.0791 div=0.5648 lr=0.000120995
epoch=31 step=28800 loss=0.9960 sup=0.7367 union=0.5032 card=0.0866 bin=0.0792 div=0.5672 lr=0.00012001
epoch=31 step=28900 loss=0.9923 sup=0.7340 union=0.5016 card=0.0845 bin=0.0790 div=0.5637 lr=0.000119026
epoch=31 step=29000 loss=0.9927 sup=0.7339 union=0.5018 card=0.0891 bin=0.0789 div=0.5610 lr=0.000118044
[epoch 31] literal_recall_at_16=0.5193
epoch=32 step=29100 loss=0.9926 sup=0.7340 union=0.5020 card=0.0845 bin=0.0790 div=0.5688 lr=0.000117063
epoch=32 step=29200 loss=0.9933 sup=0.7346 union=0.5020 card=0.0874 bin=0.0790 div=0.5649 lr=0.000116083
epoch=32 step=29300 loss=0.9994 sup=0.7396 union=0.5043 card=0.0866 bin=0.0790 div=0.5643 lr=0.000115105
epoch=32 step=29400 loss=0.9910 sup=0.7323 union=0.5017 card=0.0881 bin=0.0789 div=0.5612 lr=0.000114129
epoch=32 step=29500 loss=0.9987 sup=0.7391 union=0.5040 card=0.0851 bin=0.0790 div=0.5647 lr=0.000113154
epoch=32 step=29600 loss=0.9918 sup=0.7334 union=0.5015 card=0.0850 bin=0.0789 div=0.5628 lr=0.000112181
epoch=32 step=29700 loss=0.9917 sup=0.7329 union=0.5021 card=0.0862 bin=0.0789 div=0.5612 lr=0.000111209
epoch=32 step=29800 loss=0.9914 sup=0.7331 union=0.5013 card=0.0850 bin=0.0789 div=0.5625 lr=0.00011024
epoch=32 step=29900 loss=0.9956 sup=0.7366 union=0.5028 card=0.0849 bin=0.0791 div=0.5649 lr=0.000109272
epoch=32 step=30000 loss=0.9944 sup=0.7352 union=0.5029 card=0.0867 bin=0.0789 div=0.5625 lr=0.000108306
[epoch 32] literal_recall_at_16=0.5187
epoch=33 step=30100 loss=0.9900 sup=0.7319 union=0.5013 card=0.0838 bin=0.0788 div=0.5598 lr=0.000107342
epoch=33 step=30200 loss=0.9921 sup=0.7335 union=0.5020 card=0.0858 bin=0.0789 div=0.5633 lr=0.000106379
epoch=33 step=30300 loss=0.9929 sup=0.7343 union=0.5021 card=0.0839 bin=0.0789 div=0.5629 lr=0.000105419
epoch=33 step=30400 loss=0.9954 sup=0.7364 union=0.5029 card=0.0846 bin=0.0790 div=0.5624 lr=0.00010446
epoch=33 step=30500 loss=0.9914 sup=0.7331 union=0.5013 card=0.0854 bin=0.0788 div=0.5625 lr=0.000103504
epoch=33 step=30600 loss=0.9915 sup=0.7330 union=0.5018 card=0.0853 bin=0.0787 div=0.5608 lr=0.00010255
epoch=33 step=30700 loss=0.9858 sup=0.7282 union=0.5002 card=0.0834 bin=0.0786 div=0.5550 lr=0.000101598
epoch=33 step=30800 loss=0.9907 sup=0.7324 union=0.5018 card=0.0828 bin=0.0787 div=0.5587 lr=0.000100648
epoch=33 step=30900 loss=0.9901 sup=0.7323 union=0.5008 card=0.0822 bin=0.0788 div=0.5609 lr=9.97001e-05
[epoch 33] literal_recall_at_16=0.5223
epoch=34 step=31000 loss=0.9909 sup=0.7327 union=0.5009 card=0.0866 bin=0.0789 div=0.5649 lr=9.87547e-05
epoch=34 step=31100 loss=0.9848 sup=0.7272 union=0.5002 card=0.0842 bin=0.0786 div=0.5575 lr=9.78115e-05
epoch=34 step=31200 loss=0.9867 sup=0.7292 union=0.5001 card=0.0840 bin=0.0787 div=0.5583 lr=9.68707e-05
epoch=34 step=31300 loss=0.9903 sup=0.7321 union=0.5014 card=0.0840 bin=0.0788 div=0.5617 lr=9.59323e-05
epoch=34 step=31400 loss=0.9891 sup=0.7309 union=0.5009 card=0.0872 bin=0.0788 div=0.5618 lr=9.49963e-05
epoch=34 step=31500 loss=0.9885 sup=0.7304 union=0.5007 card=0.0866 bin=0.0788 div=0.5610 lr=9.40627e-05
epoch=34 step=31600 loss=0.9909 sup=0.7324 union=0.5016 card=0.0866 bin=0.0788 div=0.5609 lr=9.31317e-05
epoch=34 step=31700 loss=0.9894 sup=0.7312 union=0.5011 card=0.0854 bin=0.0787 div=0.5577 lr=9.22032e-05
epoch=34 step=31800 loss=0.9874 sup=0.7295 union=0.5010 card=0.0832 bin=0.0787 div=0.5589 lr=9.12773e-05
[epoch 34] literal_recall_at_16=0.5257
epoch=35 step=31900 loss=0.9884 sup=0.7313 union=0.5001 card=0.0786 bin=0.0784 div=0.5591 lr=9.03541e-05
epoch=35 step=32000 loss=0.9895 sup=0.7313 union=0.5013 card=0.0841 bin=0.0786 div=0.5587 lr=8.94335e-05
epoch=35 step=32100 loss=0.9858 sup=0.7283 union=0.5003 card=0.0827 bin=0.0786 div=0.5572 lr=8.85156e-05
epoch=35 step=32200 loss=0.9912 sup=0.7327 union=0.5019 card=0.0843 bin=0.0786 div=0.5557 lr=8.76005e-05
epoch=35 step=32300 loss=0.9909 sup=0.7328 union=0.5018 card=0.0804 bin=0.0787 div=0.5571 lr=8.66882e-05
epoch=35 step=32400 loss=0.9836 sup=0.7262 union=0.4993 card=0.0866 bin=0.0785 div=0.5545 lr=8.57788e-05
epoch=35 step=32500 loss=0.9916 sup=0.7334 union=0.5016 card=0.0827 bin=0.0788 div=0.5605 lr=8.48722e-05
epoch=35 step=32600 loss=0.9862 sup=0.7284 union=0.5006 card=0.0836 bin=0.0785 div=0.5535 lr=8.39685e-05
epoch=35 step=32700 loss=0.9887 sup=0.7307 union=0.5014 card=0.0819 bin=0.0787 div=0.5579 lr=8.30678e-05
epoch=35 step=32800 loss=0.9857 sup=0.7285 union=0.4997 card=0.0821 bin=0.0786 div=0.5578 lr=8.21701e-05
[epoch 35] literal_recall_at_16=0.5256
epoch=36 step=32900 loss=0.9856 sup=0.7281 union=0.5001 card=0.0838 bin=0.0785 div=0.5552 lr=8.12755e-05
epoch=36 step=33000 loss=0.9876 sup=0.7302 union=0.5003 card=0.0817 bin=0.0786 div=0.5592 lr=8.03839e-05
epoch=36 step=33100 loss=0.9897 sup=0.7316 union=0.5011 card=0.0843 bin=0.0786 div=0.5565 lr=7.94955e-05
epoch=36 step=33200 loss=0.9909 sup=0.7325 union=0.5019 card=0.0833 bin=0.0786 div=0.5570 lr=7.86102e-05
epoch=36 step=33300 loss=0.9857 sup=0.7284 union=0.5001 card=0.0805 bin=0.0785 div=0.5553 lr=7.77281e-05
epoch=36 step=33400 loss=0.9831 sup=0.7260 union=0.4992 card=0.0833 bin=0.0785 div=0.5546 lr=7.68493e-05
epoch=36 step=33500 loss=0.9865 sup=0.7288 union=0.5005 card=0.0822 bin=0.0785 div=0.5540 lr=7.59738e-05
epoch=36 step=33600 loss=0.9882 sup=0.7302 union=0.5011 card=0.0841 bin=0.0785 div=0.5573 lr=7.51015e-05
epoch=36 step=33700 loss=0.9861 sup=0.7287 union=0.4999 card=0.0832 bin=0.0785 div=0.5548 lr=7.42327e-05
[epoch 36] literal_recall_at_16=0.5253
epoch=37 step=33800 loss=0.9866 sup=0.7293 union=0.4997 card=0.0834 bin=0.0785 div=0.5512 lr=7.33672e-05
epoch=37 step=33900 loss=0.9880 sup=0.7301 union=0.5012 card=0.0814 bin=0.0784 div=0.5523 lr=7.25052e-05
epoch=37 step=34000 loss=0.9854 sup=0.7283 union=0.4996 card=0.0818 bin=0.0785 div=0.5560 lr=7.16466e-05
epoch=37 step=34100 loss=0.9927 sup=0.7344 union=0.5020 card=0.0814 bin=0.0787 div=0.5577 lr=7.07916e-05
epoch=37 step=34200 loss=0.9872 sup=0.7296 union=0.5006 card=0.0813 bin=0.0785 div=0.5564 lr=6.99401e-05
epoch=37 step=34300 loss=0.9804 sup=0.7239 union=0.4981 card=0.0830 bin=0.0783 div=0.5536 lr=6.90922e-05
epoch=37 step=34400 loss=0.9878 sup=0.7301 union=0.5007 card=0.0815 bin=0.0784 div=0.5534 lr=6.8248e-05
epoch=37 step=34500 loss=0.9820 sup=0.7253 union=0.4988 card=0.0821 bin=0.0783 div=0.5533 lr=6.74074e-05
epoch=37 step=34600 loss=0.9868 sup=0.7293 union=0.5001 card=0.0829 bin=0.0784 div=0.5554 lr=6.65705e-05
epoch=37 step=34700 loss=0.9835 sup=0.7264 union=0.4994 card=0.0824 bin=0.0784 div=0.5532 lr=6.57374e-05
[epoch 37] literal_recall_at_16=0.5285
epoch=38 step=34800 loss=0.9802 sup=0.7241 union=0.4979 card=0.0796 bin=0.0783 div=0.5541 lr=6.4908e-05
epoch=38 step=34900 loss=0.9853 sup=0.7279 union=0.5001 card=0.0819 bin=0.0783 div=0.5527 lr=6.40825e-05
epoch=38 step=35000 loss=0.9863 sup=0.7289 union=0.5003 card=0.0812 bin=0.0784 div=0.5543 lr=6.32608e-05
epoch=38 step=35100 loss=0.9847 sup=0.7275 union=0.4997 card=0.0822 bin=0.0785 div=0.5575 lr=6.2443e-05
epoch=38 step=35200 loss=0.9857 sup=0.7288 union=0.4994 card=0.0803 bin=0.0785 div=0.5562 lr=6.16291e-05
epoch=38 step=35300 loss=0.9879 sup=0.7304 union=0.5007 card=0.0794 bin=0.0784 div=0.5563 lr=6.08192e-05
epoch=38 step=35400 loss=0.9885 sup=0.7307 union=0.5010 card=0.0816 bin=0.0784 div=0.5553 lr=6.00133e-05
epoch=38 step=35500 loss=0.9870 sup=0.7295 union=0.5005 card=0.0803 bin=0.0784 div=0.5535 lr=5.92115e-05
epoch=38 step=35600 loss=0.9809 sup=0.7241 union=0.4989 card=0.0816 bin=0.0782 div=0.5499 lr=5.84137e-05
[epoch 38] literal_recall_at_16=0.5227
epoch=39 step=35700 loss=0.9793 sup=0.7230 union=0.4979 card=0.0820 bin=0.0783 div=0.5524 lr=5.762e-05
epoch=39 step=35800 loss=0.9805 sup=0.7240 union=0.4985 card=0.0803 bin=0.0782 div=0.5508 lr=5.68305e-05
epoch=39 step=35900 loss=0.9835 sup=0.7264 union=0.4994 card=0.0824 bin=0.0783 div=0.5545 lr=5.60451e-05
epoch=39 step=36000 loss=0.9834 sup=0.7263 union=0.4994 card=0.0822 bin=0.0782 div=0.5519 lr=5.5264e-05
epoch=39 step=36100 loss=0.9821 sup=0.7255 union=0.4984 card=0.0824 bin=0.0782 div=0.5517 lr=5.44871e-05
epoch=39 step=36200 loss=0.9888 sup=0.7313 union=0.5006 card=0.0800 bin=0.0784 div=0.5552 lr=5.37145e-05
epoch=39 step=36300 loss=0.9796 sup=0.7230 union=0.4985 card=0.0812 bin=0.0781 div=0.5509 lr=5.29462e-05
epoch=39 step=36400 loss=0.9843 sup=0.7273 union=0.5000 card=0.0781 bin=0.0783 div=0.5535 lr=5.21823e-05
epoch=39 step=36500 loss=0.9796 sup=0.7233 union=0.4984 card=0.0788 bin=0.0781 div=0.5486 lr=5.14227e-05
[epoch 39] literal_recall_at_16=0.5253
epoch=40 step=36600 loss=0.9887 sup=0.7317 union=0.4996 card=0.0795 bin=0.0784 div=0.5538 lr=5.06676e-05
epoch=40 step=36700 loss=0.9846 sup=0.7276 union=0.5000 card=0.0789 bin=0.0782 div=0.5511 lr=4.9917e-05
epoch=40 step=36800 loss=0.9795 sup=0.7233 union=0.4980 card=0.0807 bin=0.0781 div=0.5505 lr=4.91708e-05
epoch=40 step=36900 loss=0.9834 sup=0.7268 union=0.4989 card=0.0798 bin=0.0782 div=0.5522 lr=4.84292e-05
epoch=40 step=37000 loss=0.9856 sup=0.7284 union=0.5001 card=0.0796 bin=0.0784 div=0.5527 lr=4.76921e-05
epoch=40 step=37100 loss=0.9874 sup=0.7297 union=0.5009 card=0.0805 bin=0.0784 div=0.5524 lr=4.69596e-05
epoch=40 step=37200 loss=0.9815 sup=0.7250 union=0.4989 card=0.0790 bin=0.0782 div=0.5500 lr=4.62317e-05
epoch=40 step=37300 loss=0.9848 sup=0.7276 union=0.5001 card=0.0795 bin=0.0781 div=0.5463 lr=4.55085e-05
epoch=40 step=37400 loss=0.9796 sup=0.7233 union=0.4980 card=0.0810 bin=0.0781 div=0.5499 lr=4.479e-05
epoch=40 step=37500 loss=0.9783 sup=0.7224 union=0.4977 card=0.0787 bin=0.0781 div=0.5479 lr=4.40762e-05
[epoch 40] literal_recall_at_16=0.5242
epoch=41 step=37600 loss=0.9844 sup=0.7274 union=0.4995 card=0.0817 bin=0.0782 div=0.5525 lr=4.33671e-05
epoch=41 step=37700 loss=0.9837 sup=0.7268 union=0.4992 card=0.0819 bin=0.0782 div=0.5523 lr=4.26629e-05
epoch=41 step=37800 loss=0.9790 sup=0.7229 union=0.4978 card=0.0807 bin=0.0780 div=0.5482 lr=4.19634e-05
epoch=41 step=37900 loss=0.9825 sup=0.7261 union=0.4987 card=0.0792 bin=0.0782 div=0.5515 lr=4.12688e-05
epoch=41 step=38000 loss=0.9805 sup=0.7242 union=0.4984 card=0.0798 bin=0.0782 div=0.5513 lr=4.05791e-05
epoch=41 step=38100 loss=0.9809 sup=0.7245 union=0.4986 card=0.0793 bin=0.0782 div=0.5499 lr=3.98943e-05
epoch=41 step=38200 loss=0.9777 sup=0.7218 union=0.4977 card=0.0788 bin=0.0780 div=0.5487 lr=3.92144e-05
epoch=41 step=38300 loss=0.9789 sup=0.7225 union=0.4986 card=0.0789 bin=0.0781 div=0.5468 lr=3.85395e-05
epoch=41 step=38400 loss=0.9817 sup=0.7249 union=0.4995 card=0.0794 bin=0.0781 div=0.5479 lr=3.78696e-05
[epoch 41] literal_recall_at_16=0.5251
epoch=42 step=38500 loss=0.9809 sup=0.7242 union=0.4991 card=0.0785 bin=0.0781 div=0.5489 lr=3.72047e-05
epoch=42 step=38600 loss=0.9761 sup=0.7203 union=0.4972 card=0.0794 bin=0.0779 div=0.5446 lr=3.65449e-05
epoch=42 step=38700 loss=0.9811 sup=0.7249 union=0.4984 card=0.0779 bin=0.0782 div=0.5506 lr=3.58902e-05
epoch=42 step=38800 loss=0.9829 sup=0.7263 union=0.4990 card=0.0798 bin=0.0782 div=0.5521 lr=3.52406e-05
epoch=42 step=38900 loss=0.9806 sup=0.7242 union=0.4984 card=0.0805 bin=0.0781 div=0.5502 lr=3.45961e-05
epoch=42 step=39000 loss=0.9816 sup=0.7250 union=0.4988 card=0.0804 bin=0.0781 div=0.5489 lr=3.39569e-05
epoch=42 step=39100 loss=0.9765 sup=0.7206 union=0.4976 card=0.0785 bin=0.0779 div=0.5465 lr=3.33228e-05
epoch=42 step=39200 loss=0.9761 sup=0.7204 union=0.4974 card=0.0768 bin=0.0780 div=0.5472 lr=3.2694e-05
epoch=42 step=39300 loss=0.9852 sup=0.7284 union=0.4994 card=0.0789 bin=0.0783 div=0.5531 lr=3.20704e-05
[epoch 42] literal_recall_at_16=0.5277
epoch=43 step=39400 loss=0.9607 sup=0.7070 union=0.4921 card=0.0860 bin=0.0778 div=0.5505 lr=3.14521e-05
epoch=43 step=39500 loss=0.9782 sup=0.7221 union=0.4981 card=0.0778 bin=0.0779 div=0.5462 lr=3.08392e-05
epoch=43 step=39600 loss=0.9813 sup=0.7247 union=0.4990 card=0.0792 bin=0.0781 div=0.5497 lr=3.02316e-05
epoch=43 step=39700 loss=0.9743 sup=0.7188 union=0.4969 card=0.0787 bin=0.0778 div=0.5440 lr=2.96293e-05
epoch=43 step=39800 loss=0.9817 sup=0.7253 union=0.4985 card=0.0793 bin=0.0781 div=0.5516 lr=2.90325e-05
epoch=43 step=39900 loss=0.9757 sup=0.7204 union=0.4968 card=0.0765 bin=0.0780 div=0.5482 lr=2.84411e-05
epoch=43 step=40000 loss=0.9762 sup=0.7206 union=0.4970 card=0.0791 bin=0.0780 div=0.5484 lr=2.78551e-05
epoch=43 step=40100 loss=0.9810 sup=0.7249 union=0.4984 card=0.0770 bin=0.0781 div=0.5498 lr=2.72747e-05
epoch=43 step=40200 loss=0.9815 sup=0.7253 union=0.4980 card=0.0794 bin=0.0781 div=0.5513 lr=2.66997e-05
epoch=43 step=40300 loss=0.9795 sup=0.7233 union=0.4982 card=0.0783 bin=0.0780 div=0.5483 lr=2.61303e-05
[epoch 43] literal_recall_at_16=0.5231
epoch=44 step=40400 loss=0.9828 sup=0.7262 union=0.4990 card=0.0786 bin=0.0780 div=0.5481 lr=2.55664e-05
epoch=44 step=40500 loss=0.9789 sup=0.7229 union=0.4979 card=0.0780 bin=0.0780 div=0.5472 lr=2.50081e-05
epoch=44 step=40600 loss=0.9821 sup=0.7258 union=0.4985 card=0.0781 bin=0.0781 div=0.5514 lr=2.44554e-05
epoch=44 step=40700 loss=0.9748 sup=0.7190 union=0.4974 card=0.0793 bin=0.0780 div=0.5483 lr=2.39084e-05
epoch=44 step=40800 loss=0.9782 sup=0.7224 union=0.4976 card=0.0778 bin=0.0780 div=0.5484 lr=2.3367e-05
epoch=44 step=40900 loss=0.9783 sup=0.7222 union=0.4984 card=0.0771 bin=0.0779 div=0.5462 lr=2.28313e-05
epoch=44 step=41000 loss=0.9782 sup=0.7222 union=0.4976 card=0.0801 bin=0.0780 div=0.5503 lr=2.23013e-05
epoch=44 step=41100 loss=0.9829 sup=0.7263 union=0.4989 card=0.0791 bin=0.0782 div=0.5517 lr=2.1777e-05
epoch=44 step=41200 loss=0.9794 sup=0.7233 union=0.4985 card=0.0762 bin=0.0780 div=0.5459 lr=2.12585e-05
[epoch 44] literal_recall_at_16=0.5284
epoch=45 step=41300 loss=0.9731 sup=0.7180 union=0.4959 card=0.0796 bin=0.0778 div=0.5454 lr=2.07457e-05
epoch=45 step=41400 loss=0.9773 sup=0.7213 union=0.4977 card=0.0796 bin=0.0779 div=0.5460 lr=2.02388e-05
epoch=45 step=41500 loss=0.9809 sup=0.7248 union=0.4984 card=0.0763 bin=0.0779 div=0.5466 lr=1.97376e-05
epoch=45 step=41600 loss=0.9724 sup=0.7173 union=0.4961 card=0.0776 bin=0.0778 div=0.5442 lr=1.92424e-05
epoch=45 step=41700 loss=0.9785 sup=0.7227 union=0.4972 card=0.0797 bin=0.0780 div=0.5500 lr=1.8753e-05
epoch=45 step=41800 loss=0.9779 sup=0.7220 union=0.4979 card=0.0768 bin=0.0779 div=0.5466 lr=1.82694e-05
epoch=45 step=41900 loss=0.9765 sup=0.7209 union=0.4974 card=0.0766 bin=0.0779 div=0.5464 lr=1.77918e-05
epoch=45 step=42000 loss=0.9799 sup=0.7239 union=0.4979 card=0.0789 bin=0.0781 div=0.5511 lr=1.73201e-05
epoch=45 step=42100 loss=0.9778 sup=0.7219 union=0.4977 card=0.0778 bin=0.0778 div=0.5462 lr=1.68544e-05
epoch=45 step=42200 loss=0.9790 sup=0.7231 union=0.4980 card=0.0761 bin=0.0780 div=0.5490 lr=1.63947e-05
[epoch 45] literal_recall_at_16=0.5281
epoch=46 step=42300 loss=0.9779 sup=0.7218 union=0.4984 card=0.0771 bin=0.0779 div=0.5447 lr=1.59409e-05
epoch=46 step=42400 loss=0.9821 sup=0.7256 union=0.4993 card=0.0766 bin=0.0781 div=0.5500 lr=1.54932e-05
epoch=46 step=42500 loss=0.9805 sup=0.7244 union=0.4983 card=0.0770 bin=0.0780 div=0.5492 lr=1.50515e-05
epoch=46 step=42600 loss=0.9772 sup=0.7215 union=0.4975 card=0.0769 bin=0.0779 div=0.5469 lr=1.46158e-05
epoch=46 step=42700 loss=0.9748 sup=0.7197 union=0.4962 card=0.0787 bin=0.0779 div=0.5483 lr=1.41862e-05
epoch=46 step=42800 loss=0.9755 sup=0.7201 union=0.4970 card=0.0763 bin=0.0779 div=0.5477 lr=1.37628e-05
epoch=46 step=42900 loss=0.9768 sup=0.7213 union=0.4973 card=0.0758 bin=0.0778 div=0.5461 lr=1.33454e-05
epoch=46 step=43000 loss=0.9796 sup=0.7234 union=0.4988 card=0.0764 bin=0.0780 div=0.5498 lr=1.29341e-05
epoch=46 step=43100 loss=0.9763 sup=0.7209 union=0.4968 card=0.0776 bin=0.0779 div=0.5474 lr=1.25291e-05
[epoch 46] literal_recall_at_16=0.5245
epoch=47 step=43200 loss=0.9819 sup=0.7257 union=0.4988 card=0.0756 bin=0.0781 div=0.5494 lr=1.21301e-05
epoch=47 step=43300 loss=0.9764 sup=0.7206 union=0.4976 card=0.0770 bin=0.0778 div=0.5451 lr=1.17374e-05
epoch=47 step=43400 loss=0.9752 sup=0.7199 union=0.4968 card=0.0764 bin=0.0779 div=0.5466 lr=1.13509e-05
epoch=47 step=43500 loss=0.9801 sup=0.7241 union=0.4983 card=0.0752 bin=0.0779 div=0.5475 lr=1.09706e-05
epoch=47 step=43600 loss=0.9789 sup=0.7227 union=0.4984 card=0.0775 bin=0.0780 div=0.5491 lr=1.05965e-05
epoch=47 step=43700 loss=0.9771 sup=0.7215 union=0.4974 card=0.0770 bin=0.0779 div=0.5469 lr=1.02287e-05
epoch=47 step=43800 loss=0.9756 sup=0.7201 union=0.4971 card=0.0771 bin=0.0778 div=0.5446 lr=9.86714e-06
epoch=47 step=43900 loss=0.9736 sup=0.7184 union=0.4968 card=0.0757 bin=0.0778 div=0.5455 lr=9.51188e-06
epoch=47 step=44000 loss=0.9814 sup=0.7251 union=0.4989 card=0.0763 bin=0.0780 div=0.5486 lr=9.16293e-06
[epoch 47] literal_recall_at_16=0.5271
epoch=48 step=44100 loss=0.9841 sup=0.7280 union=0.4988 card=0.0739 bin=0.0781 div=0.5509 lr=8.8203e-06
epoch=48 step=44200 loss=0.9773 sup=0.7217 union=0.4973 card=0.0772 bin=0.0780 div=0.5493 lr=8.484e-06
epoch=48 step=44300 loss=0.9709 sup=0.7162 union=0.4957 card=0.0761 bin=0.0778 div=0.5454 lr=8.15405e-06
epoch=48 step=44400 loss=0.9783 sup=0.7225 union=0.4980 card=0.0753 bin=0.0779 div=0.5475 lr=7.83047e-06
epoch=48 step=44500 loss=0.9743 sup=0.7189 union=0.4967 card=0.0783 bin=0.0778 div=0.5465 lr=7.51326e-06
epoch=48 step=44600 loss=0.9765 sup=0.7208 union=0.4978 card=0.0758 bin=0.0779 div=0.5447 lr=7.20245e-06
epoch=48 step=44700 loss=0.9736 sup=0.7188 union=0.4959 card=0.0760 bin=0.0778 div=0.5455 lr=6.89805e-06
epoch=48 step=44800 loss=0.9748 sup=0.7195 union=0.4969 card=0.0759 bin=0.0778 div=0.5460 lr=6.60006e-06
epoch=48 step=44900 loss=0.9789 sup=0.7231 union=0.4982 card=0.0748 bin=0.0780 div=0.5500 lr=6.30851e-06
epoch=48 step=45000 loss=0.9745 sup=0.7193 union=0.4965 card=0.0768 bin=0.0778 div=0.5454 lr=6.02341e-06
[epoch 48] literal_recall_at_16=0.5283
epoch=49 step=45100 loss=0.9770 sup=0.7215 union=0.4974 card=0.0749 bin=0.0778 div=0.5458 lr=5.74477e-06
epoch=49 step=45200 loss=0.9816 sup=0.7256 union=0.4986 card=0.0746 bin=0.0780 div=0.5487 lr=5.4726e-06
epoch=49 step=45300 loss=0.9768 sup=0.7213 union=0.4971 card=0.0761 bin=0.0778 div=0.5467 lr=5.20692e-06
epoch=49 step=45400 loss=0.9731 sup=0.7180 union=0.4963 card=0.0775 bin=0.0777 div=0.5453 lr=4.94773e-06
epoch=49 step=45500 loss=0.9749 sup=0.7197 union=0.4966 card=0.0767 bin=0.0778 div=0.5459 lr=4.69505e-06
epoch=49 step=45600 loss=0.9747 sup=0.7196 union=0.4965 card=0.0764 bin=0.0778 div=0.5471 lr=4.44889e-06
epoch=49 step=45700 loss=0.9789 sup=0.7232 union=0.4974 card=0.0774 bin=0.0779 div=0.5482 lr=4.20926e-06
epoch=49 step=45800 loss=0.9784 sup=0.7228 union=0.4978 card=0.0746 bin=0.0779 div=0.5489 lr=3.97618e-06
epoch=49 step=45900 loss=0.9770 sup=0.7213 union=0.4974 card=0.0772 bin=0.0779 div=0.5482 lr=3.74964e-06
[epoch 49] literal_recall_at_16=0.5277
epoch=50 step=46000 loss=0.9838 sup=0.7270 union=0.4998 card=0.0768 bin=0.0780 div=0.5503 lr=3.52967e-06
epoch=50 step=46100 loss=0.9737 sup=0.7186 union=0.4963 card=0.0766 bin=0.0777 div=0.5437 lr=3.31627e-06
epoch=50 step=46200 loss=0.9730 sup=0.7178 union=0.4966 card=0.0771 bin=0.0777 div=0.5456 lr=3.10945e-06
epoch=50 step=46300 loss=0.9723 sup=0.7170 union=0.4968 card=0.0760 bin=0.0777 div=0.5429 lr=2.90922e-06
epoch=50 step=46400 loss=0.9760 sup=0.7206 union=0.4970 card=0.0763 bin=0.0778 div=0.5465 lr=2.7156e-06
epoch=50 step=46500 loss=0.9810 sup=0.7248 union=0.4987 card=0.0757 bin=0.0780 div=0.5485 lr=2.52858e-06
epoch=50 step=46600 loss=0.9755 sup=0.7202 union=0.4967 card=0.0769 bin=0.0778 div=0.5460 lr=2.34817e-06
epoch=50 step=46700 loss=0.9777 sup=0.7220 union=0.4977 card=0.0759 bin=0.0778 div=0.5472 lr=2.1744e-06
epoch=50 step=46800 loss=0.9742 sup=0.7191 union=0.4964 card=0.0765 bin=0.0777 div=0.5442 lr=2.00725e-06
epoch=50 step=46900 loss=0.9819 sup=0.7254 union=0.4992 card=0.0765 bin=0.0779 div=0.5482 lr=1.84675e-06
[epoch 50] literal_recall_at_16=0.5284
Saved: /dccstor/principled_ai/users/saranyaibm2/xor/outputs/family_pipeline/cnf_dnf/20260301_221525/checkpoints/3dnf_28d_seed41/solver_model.pt
Saved: /dccstor/principled_ai/users/saranyaibm2/xor/outputs/family_pipeline/cnf_dnf/20260301_221525/checkpoints/3dnf_28d_seed41/solver_config.json
Saved: /dccstor/principled_ai/users/saranyaibm2/xor/outputs/family_pipeline/cnf_dnf/20260301_221525/checkpoints/3dnf_28d_seed41/solver_eval.json
[cmd] /dccstor/principled_ai/users/saranyaibm2/xor/.venv/bin/python3 /dccstor/principled_ai/users/saranyaibm2/xor/solver/families/cnf_dnf/eval.py --task_name 3dnf_28d --seed 10041 --eval_tasks 1000 --output_file /dccstor/principled_ai/users/saranyaibm2/xor/outputs/family_pipeline/cnf_dnf/20260301_221525/3dnf_28d/3dnf_28d_seed41_val_top_literals20_candidate_budget600_min_clause_literals1_max_clause_literals6_clause_len_penalty0.2_slot_pool_size24_compose_expansion4_repair_steps2_repair_top_literals20.json --project_root /dccstor/principled_ai/users/saranyaibm2/xor --top_literals 20 --candidate_budget 600 --min_clause_literals 1 --max_clause_literals 6 --clause_len_penalty 0.2 --slot_pool_size 24 --compose_expansion 4 --repair_steps 2 --repair_top_literals 20 --checkpoint_dir /dccstor/principled_ai/users/saranyaibm2/xor/outputs/family_pipeline/cnf_dnf/20260301_221525/checkpoints/3dnf_28d_seed41
Saved: /dccstor/principled_ai/users/saranyaibm2/xor/outputs/family_pipeline/cnf_dnf/20260301_221525/3dnf_28d/3dnf_28d_seed41_val_top_literals20_candidate_budget600_min_clause_literals1_max_clause_literals6_clause_len_penalty0.2_slot_pool_size24_compose_expansion4_repair_steps2_repair_top_literals20.json
[cmd] /dccstor/principled_ai/users/saranyaibm2/xor/.venv/bin/python3 /dccstor/principled_ai/users/saranyaibm2/xor/solver/families/cnf_dnf/eval.py --task_name 3dnf_28d --seed 10041 --eval_tasks 1000 --output_file /dccstor/principled_ai/users/saranyaibm2/xor/outputs/family_pipeline/cnf_dnf/20260301_221525/3dnf_28d/3dnf_28d_seed41_val_top_literals20_candidate_budget600_min_clause_literals1_max_clause_literals6_clause_len_penalty0.2_slot_pool_size40_compose_expansion4_repair_steps2_repair_top_literals20.json --project_root /dccstor/principled_ai/users/saranyaibm2/xor --top_literals 20 --candidate_budget 600 --min_clause_literals 1 --max_clause_literals 6 --clause_len_penalty 0.2 --slot_pool_size 40 --compose_expansion 4 --repair_steps 2 --repair_top_literals 20 --checkpoint_dir /dccstor/principled_ai/users/saranyaibm2/xor/outputs/family_pipeline/cnf_dnf/20260301_221525/checkpoints/3dnf_28d_seed41
Saved: /dccstor/principled_ai/users/saranyaibm2/xor/outputs/family_pipeline/cnf_dnf/20260301_221525/3dnf_28d/3dnf_28d_seed41_val_top_literals20_candidate_budget600_min_clause_literals1_max_clause_literals6_clause_len_penalty0.2_slot_pool_size40_compose_expansion4_repair_steps2_repair_top_literals20.json
[cmd] /dccstor/principled_ai/users/saranyaibm2/xor/.venv/bin/python3 /dccstor/principled_ai/users/saranyaibm2/xor/solver/families/cnf_dnf/eval.py --task_name 3dnf_28d --seed 10041 --eval_tasks 1000 --output_file /dccstor/principled_ai/users/saranyaibm2/xor/outputs/family_pipeline/cnf_dnf/20260301_221525/3dnf_28d/3dnf_28d_seed41_val_top_literals20_candidate_budget600_min_clause_literals1_max_clause_literals6_clause_len_penalty0.35_slot_pool_size24_compose_expansion4_repair_steps2_repair_top_literals20.json --project_root /dccstor/principled_ai/users/saranyaibm2/xor --top_literals 20 --candidate_budget 600 --min_clause_literals 1 --max_clause_literals 6 --clause_len_penalty 0.35 --slot_pool_size 24 --compose_expansion 4 --repair_steps 2 --repair_top_literals 20 --checkpoint_dir /dccstor/principled_ai/users/saranyaibm2/xor/outputs/family_pipeline/cnf_dnf/20260301_221525/checkpoints/3dnf_28d_seed41
Saved: /dccstor/principled_ai/users/saranyaibm2/xor/outputs/family_pipeline/cnf_dnf/20260301_221525/3dnf_28d/3dnf_28d_seed41_val_top_literals20_candidate_budget600_min_clause_literals1_max_clause_literals6_clause_len_penalty0.35_slot_pool_size24_compose_expansion4_repair_steps2_repair_top_literals20.json
[cmd] /dccstor/principled_ai/users/saranyaibm2/xor/.venv/bin/python3 /dccstor/principled_ai/users/saranyaibm2/xor/solver/families/cnf_dnf/eval.py --task_name 3dnf_28d --seed 10041 --eval_tasks 1000 --output_file /dccstor/principled_ai/users/saranyaibm2/xor/outputs/family_pipeline/cnf_dnf/20260301_221525/3dnf_28d/3dnf_28d_seed41_val_top_literals20_candidate_budget600_min_clause_literals1_max_clause_literals6_clause_len_penalty0.35_slot_pool_size40_compose_expansion4_repair_steps2_repair_top_literals20.json --project_root /dccstor/principled_ai/users/saranyaibm2/xor --top_literals 20 --candidate_budget 600 --min_clause_literals 1 --max_clause_literals 6 --clause_len_penalty 0.35 --slot_pool_size 40 --compose_expansion 4 --repair_steps 2 --repair_top_literals 20 --checkpoint_dir /dccstor/principled_ai/users/saranyaibm2/xor/outputs/family_pipeline/cnf_dnf/20260301_221525/checkpoints/3dnf_28d_seed41
Saved: /dccstor/principled_ai/users/saranyaibm2/xor/outputs/family_pipeline/cnf_dnf/20260301_221525/3dnf_28d/3dnf_28d_seed41_val_top_literals20_candidate_budget600_min_clause_literals1_max_clause_literals6_clause_len_penalty0.35_slot_pool_size40_compose_expansion4_repair_steps2_repair_top_literals20.json
[cmd] /dccstor/principled_ai/users/saranyaibm2/xor/.venv/bin/python3 /dccstor/principled_ai/users/saranyaibm2/xor/solver/families/cnf_dnf/eval.py --task_name 3dnf_28d --seed 10041 --eval_tasks 1000 --output_file /dccstor/principled_ai/users/saranyaibm2/xor/outputs/family_pipeline/cnf_dnf/20260301_221525/3dnf_28d/3dnf_28d_seed41_val_top_literals20_candidate_budget600_min_clause_literals1_max_clause_literals8_clause_len_penalty0.2_slot_pool_size24_compose_expansion4_repair_steps2_repair_top_literals20.json --project_root /dccstor/principled_ai/users/saranyaibm2/xor --top_literals 20 --candidate_budget 600 --min_clause_literals 1 --max_clause_literals 8 --clause_len_penalty 0.2 --slot_pool_size 24 --compose_expansion 4 --repair_steps 2 --repair_top_literals 20 --checkpoint_dir /dccstor/principled_ai/users/saranyaibm2/xor/outputs/family_pipeline/cnf_dnf/20260301_221525/checkpoints/3dnf_28d_seed41
Saved: /dccstor/principled_ai/users/saranyaibm2/xor/outputs/family_pipeline/cnf_dnf/20260301_221525/3dnf_28d/3dnf_28d_seed41_val_top_literals20_candidate_budget600_min_clause_literals1_max_clause_literals8_clause_len_penalty0.2_slot_pool_size24_compose_expansion4_repair_steps2_repair_top_literals20.json
[cmd] /dccstor/principled_ai/users/saranyaibm2/xor/.venv/bin/python3 /dccstor/principled_ai/users/saranyaibm2/xor/solver/families/cnf_dnf/eval.py --task_name 3dnf_28d --seed 10041 --eval_tasks 1000 --output_file /dccstor/principled_ai/users/saranyaibm2/xor/outputs/family_pipeline/cnf_dnf/20260301_221525/3dnf_28d/3dnf_28d_seed41_val_top_literals20_candidate_budget600_min_clause_literals1_max_clause_literals8_clause_len_penalty0.2_slot_pool_size40_compose_expansion4_repair_steps2_repair_top_literals20.json --project_root /dccstor/principled_ai/users/saranyaibm2/xor --top_literals 20 --candidate_budget 600 --min_clause_literals 1 --max_clause_literals 8 --clause_len_penalty 0.2 --slot_pool_size 40 --compose_expansion 4 --repair_steps 2 --repair_top_literals 20 --checkpoint_dir /dccstor/principled_ai/users/saranyaibm2/xor/outputs/family_pipeline/cnf_dnf/20260301_221525/checkpoints/3dnf_28d_seed41
Saved: /dccstor/principled_ai/users/saranyaibm2/xor/outputs/family_pipeline/cnf_dnf/20260301_221525/3dnf_28d/3dnf_28d_seed41_val_top_literals20_candidate_budget600_min_clause_literals1_max_clause_literals8_clause_len_penalty0.2_slot_pool_size40_compose_expansion4_repair_steps2_repair_top_literals20.json
[cmd] /dccstor/principled_ai/users/saranyaibm2/xor/.venv/bin/python3 /dccstor/principled_ai/users/saranyaibm2/xor/solver/families/cnf_dnf/eval.py --task_name 3dnf_28d --seed 10041 --eval_tasks 1000 --output_file /dccstor/principled_ai/users/saranyaibm2/xor/outputs/family_pipeline/cnf_dnf/20260301_221525/3dnf_28d/3dnf_28d_seed41_val_top_literals20_candidate_budget600_min_clause_literals1_max_clause_literals8_clause_len_penalty0.35_slot_pool_size24_compose_expansion4_repair_steps2_repair_top_literals20.json --project_root /dccstor/principled_ai/users/saranyaibm2/xor --top_literals 20 --candidate_budget 600 --min_clause_literals 1 --max_clause_literals 8 --clause_len_penalty 0.35 --slot_pool_size 24 --compose_expansion 4 --repair_steps 2 --repair_top_literals 20 --checkpoint_dir /dccstor/principled_ai/users/saranyaibm2/xor/outputs/family_pipeline/cnf_dnf/20260301_221525/checkpoints/3dnf_28d_seed41
Saved: /dccstor/principled_ai/users/saranyaibm2/xor/outputs/family_pipeline/cnf_dnf/20260301_221525/3dnf_28d/3dnf_28d_seed41_val_top_literals20_candidate_budget600_min_clause_literals1_max_clause_literals8_clause_len_penalty0.35_slot_pool_size24_compose_expansion4_repair_steps2_repair_top_literals20.json
[cmd] /dccstor/principled_ai/users/saranyaibm2/xor/.venv/bin/python3 /dccstor/principled_ai/users/saranyaibm2/xor/solver/families/cnf_dnf/eval.py --task_name 3dnf_28d --seed 10041 --eval_tasks 1000 --output_file /dccstor/principled_ai/users/saranyaibm2/xor/outputs/family_pipeline/cnf_dnf/20260301_221525/3dnf_28d/3dnf_28d_seed41_val_top_literals20_candidate_budget600_min_clause_literals1_max_clause_literals8_clause_len_penalty0.35_slot_pool_size40_compose_expansion4_repair_steps2_repair_top_literals20.json --project_root /dccstor/principled_ai/users/saranyaibm2/xor --top_literals 20 --candidate_budget 600 --min_clause_literals 1 --max_clause_literals 8 --clause_len_penalty 0.35 --slot_pool_size 40 --compose_expansion 4 --repair_steps 2 --repair_top_literals 20 --checkpoint_dir /dccstor/principled_ai/users/saranyaibm2/xor/outputs/family_pipeline/cnf_dnf/20260301_221525/checkpoints/3dnf_28d_seed41
Saved: /dccstor/principled_ai/users/saranyaibm2/xor/outputs/family_pipeline/cnf_dnf/20260301_221525/3dnf_28d/3dnf_28d_seed41_val_top_literals20_candidate_budget600_min_clause_literals1_max_clause_literals8_clause_len_penalty0.35_slot_pool_size40_compose_expansion4_repair_steps2_repair_top_literals20.json
[cmd] /dccstor/principled_ai/users/saranyaibm2/xor/.venv/bin/python3 /dccstor/principled_ai/users/saranyaibm2/xor/solver/families/cnf_dnf/eval.py --task_name 3dnf_28d --seed 10041 --eval_tasks 1000 --output_file /dccstor/principled_ai/users/saranyaibm2/xor/outputs/family_pipeline/cnf_dnf/20260301_221525/3dnf_28d/3dnf_28d_seed41_val_top_literals20_candidate_budget600_min_clause_literals2_max_clause_literals6_clause_len_penalty0.2_slot_pool_size24_compose_expansion4_repair_steps2_repair_top_literals20.json --project_root /dccstor/principled_ai/users/saranyaibm2/xor --top_literals 20 --candidate_budget 600 --min_clause_literals 2 --max_clause_literals 6 --clause_len_penalty 0.2 --slot_pool_size 24 --compose_expansion 4 --repair_steps 2 --repair_top_literals 20 --checkpoint_dir /dccstor/principled_ai/users/saranyaibm2/xor/outputs/family_pipeline/cnf_dnf/20260301_221525/checkpoints/3dnf_28d_seed41
Saved: /dccstor/principled_ai/users/saranyaibm2/xor/outputs/family_pipeline/cnf_dnf/20260301_221525/3dnf_28d/3dnf_28d_seed41_val_top_literals20_candidate_budget600_min_clause_literals2_max_clause_literals6_clause_len_penalty0.2_slot_pool_size24_compose_expansion4_repair_steps2_repair_top_literals20.json
[cmd] /dccstor/principled_ai/users/saranyaibm2/xor/.venv/bin/python3 /dccstor/principled_ai/users/saranyaibm2/xor/solver/families/cnf_dnf/eval.py --task_name 3dnf_28d --seed 10041 --eval_tasks 1000 --output_file /dccstor/principled_ai/users/saranyaibm2/xor/outputs/family_pipeline/cnf_dnf/20260301_221525/3dnf_28d/3dnf_28d_seed41_val_top_literals20_candidate_budget600_min_clause_literals2_max_clause_literals6_clause_len_penalty0.2_slot_pool_size40_compose_expansion4_repair_steps2_repair_top_literals20.json --project_root /dccstor/principled_ai/users/saranyaibm2/xor --top_literals 20 --candidate_budget 600 --min_clause_literals 2 --max_clause_literals 6 --clause_len_penalty 0.2 --slot_pool_size 40 --compose_expansion 4 --repair_steps 2 --repair_top_literals 20 --checkpoint_dir /dccstor/principled_ai/users/saranyaibm2/xor/outputs/family_pipeline/cnf_dnf/20260301_221525/checkpoints/3dnf_28d_seed41
Saved: /dccstor/principled_ai/users/saranyaibm2/xor/outputs/family_pipeline/cnf_dnf/20260301_221525/3dnf_28d/3dnf_28d_seed41_val_top_literals20_candidate_budget600_min_clause_literals2_max_clause_literals6_clause_len_penalty0.2_slot_pool_size40_compose_expansion4_repair_steps2_repair_top_literals20.json
[cmd] /dccstor/principled_ai/users/saranyaibm2/xor/.venv/bin/python3 /dccstor/principled_ai/users/saranyaibm2/xor/solver/families/cnf_dnf/eval.py --task_name 3dnf_28d --seed 10041 --eval_tasks 1000 --output_file /dccstor/principled_ai/users/saranyaibm2/xor/outputs/family_pipeline/cnf_dnf/20260301_221525/3dnf_28d/3dnf_28d_seed41_val_top_literals20_candidate_budget600_min_clause_literals2_max_clause_literals6_clause_len_penalty0.35_slot_pool_size24_compose_expansion4_repair_steps2_repair_top_literals20.json --project_root /dccstor/principled_ai/users/saranyaibm2/xor --top_literals 20 --candidate_budget 600 --min_clause_literals 2 --max_clause_literals 6 --clause_len_penalty 0.35 --slot_pool_size 24 --compose_expansion 4 --repair_steps 2 --repair_top_literals 20 --checkpoint_dir /dccstor/principled_ai/users/saranyaibm2/xor/outputs/family_pipeline/cnf_dnf/20260301_221525/checkpoints/3dnf_28d_seed41
Saved: /dccstor/principled_ai/users/saranyaibm2/xor/outputs/family_pipeline/cnf_dnf/20260301_221525/3dnf_28d/3dnf_28d_seed41_val_top_literals20_candidate_budget600_min_clause_literals2_max_clause_literals6_clause_len_penalty0.35_slot_pool_size24_compose_expansion4_repair_steps2_repair_top_literals20.json
[cmd] /dccstor/principled_ai/users/saranyaibm2/xor/.venv/bin/python3 /dccstor/principled_ai/users/saranyaibm2/xor/solver/families/cnf_dnf/eval.py --task_name 3dnf_28d --seed 10041 --eval_tasks 1000 --output_file /dccstor/principled_ai/users/saranyaibm2/xor/outputs/family_pipeline/cnf_dnf/20260301_221525/3dnf_28d/3dnf_28d_seed41_val_top_literals20_candidate_budget600_min_clause_literals2_max_clause_literals6_clause_len_penalty0.35_slot_pool_size40_compose_expansion4_repair_steps2_repair_top_literals20.json --project_root /dccstor/principled_ai/users/saranyaibm2/xor --top_literals 20 --candidate_budget 600 --min_clause_literals 2 --max_clause_literals 6 --clause_len_penalty 0.35 --slot_pool_size 40 --compose_expansion 4 --repair_steps 2 --repair_top_literals 20 --checkpoint_dir /dccstor/principled_ai/users/saranyaibm2/xor/outputs/family_pipeline/cnf_dnf/20260301_221525/checkpoints/3dnf_28d_seed41
Saved: /dccstor/principled_ai/users/saranyaibm2/xor/outputs/family_pipeline/cnf_dnf/20260301_221525/3dnf_28d/3dnf_28d_seed41_val_top_literals20_candidate_budget600_min_clause_literals2_max_clause_literals6_clause_len_penalty0.35_slot_pool_size40_compose_expansion4_repair_steps2_repair_top_literals20.json
[cmd] /dccstor/principled_ai/users/saranyaibm2/xor/.venv/bin/python3 /dccstor/principled_ai/users/saranyaibm2/xor/solver/families/cnf_dnf/eval.py --task_name 3dnf_28d --seed 10041 --eval_tasks 1000 --output_file /dccstor/principled_ai/users/saranyaibm2/xor/outputs/family_pipeline/cnf_dnf/20260301_221525/3dnf_28d/3dnf_28d_seed41_val_top_literals20_candidate_budget600_min_clause_literals2_max_clause_literals8_clause_len_penalty0.2_slot_pool_size24_compose_expansion4_repair_steps2_repair_top_literals20.json --project_root /dccstor/principled_ai/users/saranyaibm2/xor --top_literals 20 --candidate_budget 600 --min_clause_literals 2 --max_clause_literals 8 --clause_len_penalty 0.2 --slot_pool_size 24 --compose_expansion 4 --repair_steps 2 --repair_top_literals 20 --checkpoint_dir /dccstor/principled_ai/users/saranyaibm2/xor/outputs/family_pipeline/cnf_dnf/20260301_221525/checkpoints/3dnf_28d_seed41
Saved: /dccstor/principled_ai/users/saranyaibm2/xor/outputs/family_pipeline/cnf_dnf/20260301_221525/3dnf_28d/3dnf_28d_seed41_val_top_literals20_candidate_budget600_min_clause_literals2_max_clause_literals8_clause_len_penalty0.2_slot_pool_size24_compose_expansion4_repair_steps2_repair_top_literals20.json
[cmd] /dccstor/principled_ai/users/saranyaibm2/xor/.venv/bin/python3 /dccstor/principled_ai/users/saranyaibm2/xor/solver/families/cnf_dnf/eval.py --task_name 3dnf_28d --seed 10041 --eval_tasks 1000 --output_file /dccstor/principled_ai/users/saranyaibm2/xor/outputs/family_pipeline/cnf_dnf/20260301_221525/3dnf_28d/3dnf_28d_seed41_val_top_literals20_candidate_budget600_min_clause_literals2_max_clause_literals8_clause_len_penalty0.2_slot_pool_size40_compose_expansion4_repair_steps2_repair_top_literals20.json --project_root /dccstor/principled_ai/users/saranyaibm2/xor --top_literals 20 --candidate_budget 600 --min_clause_literals 2 --max_clause_literals 8 --clause_len_penalty 0.2 --slot_pool_size 40 --compose_expansion 4 --repair_steps 2 --repair_top_literals 20 --checkpoint_dir /dccstor/principled_ai/users/saranyaibm2/xor/outputs/family_pipeline/cnf_dnf/20260301_221525/checkpoints/3dnf_28d_seed41
Saved: /dccstor/principled_ai/users/saranyaibm2/xor/outputs/family_pipeline/cnf_dnf/20260301_221525/3dnf_28d/3dnf_28d_seed41_val_top_literals20_candidate_budget600_min_clause_literals2_max_clause_literals8_clause_len_penalty0.2_slot_pool_size40_compose_expansion4_repair_steps2_repair_top_literals20.json
[cmd] /dccstor/principled_ai/users/saranyaibm2/xor/.venv/bin/python3 /dccstor/principled_ai/users/saranyaibm2/xor/solver/families/cnf_dnf/eval.py --task_name 3dnf_28d --seed 10041 --eval_tasks 1000 --output_file /dccstor/principled_ai/users/saranyaibm2/xor/outputs/family_pipeline/cnf_dnf/20260301_221525/3dnf_28d/3dnf_28d_seed41_val_top_literals20_candidate_budget600_min_clause_literals2_max_clause_literals8_clause_len_penalty0.35_slot_pool_size24_compose_expansion4_repair_steps2_repair_top_literals20.json --project_root /dccstor/principled_ai/users/saranyaibm2/xor --top_literals 20 --candidate_budget 600 --min_clause_literals 2 --max_clause_literals 8 --clause_len_penalty 0.35 --slot_pool_size 24 --compose_expansion 4 --repair_steps 2 --repair_top_literals 20 --checkpoint_dir /dccstor/principled_ai/users/saranyaibm2/xor/outputs/family_pipeline/cnf_dnf/20260301_221525/checkpoints/3dnf_28d_seed41
Saved: /dccstor/principled_ai/users/saranyaibm2/xor/outputs/family_pipeline/cnf_dnf/20260301_221525/3dnf_28d/3dnf_28d_seed41_val_top_literals20_candidate_budget600_min_clause_literals2_max_clause_literals8_clause_len_penalty0.35_slot_pool_size24_compose_expansion4_repair_steps2_repair_top_literals20.json
[cmd] /dccstor/principled_ai/users/saranyaibm2/xor/.venv/bin/python3 /dccstor/principled_ai/users/saranyaibm2/xor/solver/families/cnf_dnf/eval.py --task_name 3dnf_28d --seed 10041 --eval_tasks 1000 --output_file /dccstor/principled_ai/users/saranyaibm2/xor/outputs/family_pipeline/cnf_dnf/20260301_221525/3dnf_28d/3dnf_28d_seed41_val_top_literals20_candidate_budget600_min_clause_literals2_max_clause_literals8_clause_len_penalty0.35_slot_pool_size40_compose_expansion4_repair_steps2_repair_top_literals20.json --project_root /dccstor/principled_ai/users/saranyaibm2/xor --top_literals 20 --candidate_budget 600 --min_clause_literals 2 --max_clause_literals 8 --clause_len_penalty 0.35 --slot_pool_size 40 --compose_expansion 4 --repair_steps 2 --repair_top_literals 20 --checkpoint_dir /dccstor/principled_ai/users/saranyaibm2/xor/outputs/family_pipeline/cnf_dnf/20260301_221525/checkpoints/3dnf_28d_seed41
Saved: /dccstor/principled_ai/users/saranyaibm2/xor/outputs/family_pipeline/cnf_dnf/20260301_221525/3dnf_28d/3dnf_28d_seed41_val_top_literals20_candidate_budget600_min_clause_literals2_max_clause_literals8_clause_len_penalty0.35_slot_pool_size40_compose_expansion4_repair_steps2_repair_top_literals20.json
[cmd] /dccstor/principled_ai/users/saranyaibm2/xor/.venv/bin/python3 /dccstor/principled_ai/users/saranyaibm2/xor/solver/families/cnf_dnf/eval.py --task_name 3dnf_28d --seed 10041 --eval_tasks 1000 --output_file /dccstor/principled_ai/users/saranyaibm2/xor/outputs/family_pipeline/cnf_dnf/20260301_221525/3dnf_28d/3dnf_28d_seed41_val_top_literals20_candidate_budget1200_min_clause_literals1_max_clause_literals6_clause_len_penalty0.2_slot_pool_size24_compose_expansion4_repair_steps2_repair_top_literals20.json --project_root /dccstor/principled_ai/users/saranyaibm2/xor --top_literals 20 --candidate_budget 1200 --min_clause_literals 1 --max_clause_literals 6 --clause_len_penalty 0.2 --slot_pool_size 24 --compose_expansion 4 --repair_steps 2 --repair_top_literals 20 --checkpoint_dir /dccstor/principled_ai/users/saranyaibm2/xor/outputs/family_pipeline/cnf_dnf/20260301_221525/checkpoints/3dnf_28d_seed41
Saved: /dccstor/principled_ai/users/saranyaibm2/xor/outputs/family_pipeline/cnf_dnf/20260301_221525/3dnf_28d/3dnf_28d_seed41_val_top_literals20_candidate_budget1200_min_clause_literals1_max_clause_literals6_clause_len_penalty0.2_slot_pool_size24_compose_expansion4_repair_steps2_repair_top_literals20.json
[cmd] /dccstor/principled_ai/users/saranyaibm2/xor/.venv/bin/python3 /dccstor/principled_ai/users/saranyaibm2/xor/solver/families/cnf_dnf/eval.py --task_name 3dnf_28d --seed 10041 --eval_tasks 1000 --output_file /dccstor/principled_ai/users/saranyaibm2/xor/outputs/family_pipeline/cnf_dnf/20260301_221525/3dnf_28d/3dnf_28d_seed41_val_top_literals20_candidate_budget1200_min_clause_literals1_max_clause_literals6_clause_len_penalty0.2_slot_pool_size40_compose_expansion4_repair_steps2_repair_top_literals20.json --project_root /dccstor/principled_ai/users/saranyaibm2/xor --top_literals 20 --candidate_budget 1200 --min_clause_literals 1 --max_clause_literals 6 --clause_len_penalty 0.2 --slot_pool_size 40 --compose_expansion 4 --repair_steps 2 --repair_top_literals 20 --checkpoint_dir /dccstor/principled_ai/users/saranyaibm2/xor/outputs/family_pipeline/cnf_dnf/20260301_221525/checkpoints/3dnf_28d_seed41
Saved: /dccstor/principled_ai/users/saranyaibm2/xor/outputs/family_pipeline/cnf_dnf/20260301_221525/3dnf_28d/3dnf_28d_seed41_val_top_literals20_candidate_budget1200_min_clause_literals1_max_clause_literals6_clause_len_penalty0.2_slot_pool_size40_compose_expansion4_repair_steps2_repair_top_literals20.json
[cmd] /dccstor/principled_ai/users/saranyaibm2/xor/.venv/bin/python3 /dccstor/principled_ai/users/saranyaibm2/xor/solver/families/cnf_dnf/eval.py --task_name 3dnf_28d --seed 10041 --eval_tasks 1000 --output_file /dccstor/principled_ai/users/saranyaibm2/xor/outputs/family_pipeline/cnf_dnf/20260301_221525/3dnf_28d/3dnf_28d_seed41_val_top_literals20_candidate_budget1200_min_clause_literals1_max_clause_literals6_clause_len_penalty0.35_slot_pool_size24_compose_expansion4_repair_steps2_repair_top_literals20.json --project_root /dccstor/principled_ai/users/saranyaibm2/xor --top_literals 20 --candidate_budget 1200 --min_clause_literals 1 --max_clause_literals 6 --clause_len_penalty 0.35 --slot_pool_size 24 --compose_expansion 4 --repair_steps 2 --repair_top_literals 20 --checkpoint_dir /dccstor/principled_ai/users/saranyaibm2/xor/outputs/family_pipeline/cnf_dnf/20260301_221525/checkpoints/3dnf_28d_seed41
Saved: /dccstor/principled_ai/users/saranyaibm2/xor/outputs/family_pipeline/cnf_dnf/20260301_221525/3dnf_28d/3dnf_28d_seed41_val_top_literals20_candidate_budget1200_min_clause_literals1_max_clause_literals6_clause_len_penalty0.35_slot_pool_size24_compose_expansion4_repair_steps2_repair_top_literals20.json
[cmd] /dccstor/principled_ai/users/saranyaibm2/xor/.venv/bin/python3 /dccstor/principled_ai/users/saranyaibm2/xor/solver/families/cnf_dnf/eval.py --task_name 3dnf_28d --seed 10041 --eval_tasks 1000 --output_file /dccstor/principled_ai/users/saranyaibm2/xor/outputs/family_pipeline/cnf_dnf/20260301_221525/3dnf_28d/3dnf_28d_seed41_val_top_literals20_candidate_budget1200_min_clause_literals1_max_clause_literals6_clause_len_penalty0.35_slot_pool_size40_compose_expansion4_repair_steps2_repair_top_literals20.json --project_root /dccstor/principled_ai/users/saranyaibm2/xor --top_literals 20 --candidate_budget 1200 --min_clause_literals 1 --max_clause_literals 6 --clause_len_penalty 0.35 --slot_pool_size 40 --compose_expansion 4 --repair_steps 2 --repair_top_literals 20 --checkpoint_dir /dccstor/principled_ai/users/saranyaibm2/xor/outputs/family_pipeline/cnf_dnf/20260301_221525/checkpoints/3dnf_28d_seed41
Saved: /dccstor/principled_ai/users/saranyaibm2/xor/outputs/family_pipeline/cnf_dnf/20260301_221525/3dnf_28d/3dnf_28d_seed41_val_top_literals20_candidate_budget1200_min_clause_literals1_max_clause_literals6_clause_len_penalty0.35_slot_pool_size40_compose_expansion4_repair_steps2_repair_top_literals20.json
[cmd] /dccstor/principled_ai/users/saranyaibm2/xor/.venv/bin/python3 /dccstor/principled_ai/users/saranyaibm2/xor/solver/families/cnf_dnf/eval.py --task_name 3dnf_28d --seed 10041 --eval_tasks 1000 --output_file /dccstor/principled_ai/users/saranyaibm2/xor/outputs/family_pipeline/cnf_dnf/20260301_221525/3dnf_28d/3dnf_28d_seed41_val_top_literals20_candidate_budget1200_min_clause_literals1_max_clause_literals8_clause_len_penalty0.2_slot_pool_size24_compose_expansion4_repair_steps2_repair_top_literals20.json --project_root /dccstor/principled_ai/users/saranyaibm2/xor --top_literals 20 --candidate_budget 1200 --min_clause_literals 1 --max_clause_literals 8 --clause_len_penalty 0.2 --slot_pool_size 24 --compose_expansion 4 --repair_steps 2 --repair_top_literals 20 --checkpoint_dir /dccstor/principled_ai/users/saranyaibm2/xor/outputs/family_pipeline/cnf_dnf/20260301_221525/checkpoints/3dnf_28d_seed41
Saved: /dccstor/principled_ai/users/saranyaibm2/xor/outputs/family_pipeline/cnf_dnf/20260301_221525/3dnf_28d/3dnf_28d_seed41_val_top_literals20_candidate_budget1200_min_clause_literals1_max_clause_literals8_clause_len_penalty0.2_slot_pool_size24_compose_expansion4_repair_steps2_repair_top_literals20.json
[cmd] /dccstor/principled_ai/users/saranyaibm2/xor/.venv/bin/python3 /dccstor/principled_ai/users/saranyaibm2/xor/solver/families/cnf_dnf/eval.py --task_name 3dnf_28d --seed 10041 --eval_tasks 1000 --output_file /dccstor/principled_ai/users/saranyaibm2/xor/outputs/family_pipeline/cnf_dnf/20260301_221525/3dnf_28d/3dnf_28d_seed41_val_top_literals20_candidate_budget1200_min_clause_literals1_max_clause_literals8_clause_len_penalty0.2_slot_pool_size40_compose_expansion4_repair_steps2_repair_top_literals20.json --project_root /dccstor/principled_ai/users/saranyaibm2/xor --top_literals 20 --candidate_budget 1200 --min_clause_literals 1 --max_clause_literals 8 --clause_len_penalty 0.2 --slot_pool_size 40 --compose_expansion 4 --repair_steps 2 --repair_top_literals 20 --checkpoint_dir /dccstor/principled_ai/users/saranyaibm2/xor/outputs/family_pipeline/cnf_dnf/20260301_221525/checkpoints/3dnf_28d_seed41
Saved: /dccstor/principled_ai/users/saranyaibm2/xor/outputs/family_pipeline/cnf_dnf/20260301_221525/3dnf_28d/3dnf_28d_seed41_val_top_literals20_candidate_budget1200_min_clause_literals1_max_clause_literals8_clause_len_penalty0.2_slot_pool_size40_compose_expansion4_repair_steps2_repair_top_literals20.json
[cmd] /dccstor/principled_ai/users/saranyaibm2/xor/.venv/bin/python3 /dccstor/principled_ai/users/saranyaibm2/xor/solver/families/cnf_dnf/eval.py --task_name 3dnf_28d --seed 10041 --eval_tasks 1000 --output_file /dccstor/principled_ai/users/saranyaibm2/xor/outputs/family_pipeline/cnf_dnf/20260301_221525/3dnf_28d/3dnf_28d_seed41_val_top_literals20_candidate_budget1200_min_clause_literals1_max_clause_literals8_clause_len_penalty0.35_slot_pool_size24_compose_expansion4_repair_steps2_repair_top_literals20.json --project_root /dccstor/principled_ai/users/saranyaibm2/xor --top_literals 20 --candidate_budget 1200 --min_clause_literals 1 --max_clause_literals 8 --clause_len_penalty 0.35 --slot_pool_size 24 --compose_expansion 4 --repair_steps 2 --repair_top_literals 20 --checkpoint_dir /dccstor/principled_ai/users/saranyaibm2/xor/outputs/family_pipeline/cnf_dnf/20260301_221525/checkpoints/3dnf_28d_seed41
Saved: /dccstor/principled_ai/users/saranyaibm2/xor/outputs/family_pipeline/cnf_dnf/20260301_221525/3dnf_28d/3dnf_28d_seed41_val_top_literals20_candidate_budget1200_min_clause_literals1_max_clause_literals8_clause_len_penalty0.35_slot_pool_size24_compose_expansion4_repair_steps2_repair_top_literals20.json
[cmd] /dccstor/principled_ai/users/saranyaibm2/xor/.venv/bin/python3 /dccstor/principled_ai/users/saranyaibm2/xor/solver/families/cnf_dnf/eval.py --task_name 3dnf_28d --seed 10041 --eval_tasks 1000 --output_file /dccstor/principled_ai/users/saranyaibm2/xor/outputs/family_pipeline/cnf_dnf/20260301_221525/3dnf_28d/3dnf_28d_seed41_val_top_literals20_candidate_budget1200_min_clause_literals1_max_clause_literals8_clause_len_penalty0.35_slot_pool_size40_compose_expansion4_repair_steps2_repair_top_literals20.json --project_root /dccstor/principled_ai/users/saranyaibm2/xor --top_literals 20 --candidate_budget 1200 --min_clause_literals 1 --max_clause_literals 8 --clause_len_penalty 0.35 --slot_pool_size 40 --compose_expansion 4 --repair_steps 2 --repair_top_literals 20 --checkpoint_dir /dccstor/principled_ai/users/saranyaibm2/xor/outputs/family_pipeline/cnf_dnf/20260301_221525/checkpoints/3dnf_28d_seed41
Saved: /dccstor/principled_ai/users/saranyaibm2/xor/outputs/family_pipeline/cnf_dnf/20260301_221525/3dnf_28d/3dnf_28d_seed41_val_top_literals20_candidate_budget1200_min_clause_literals1_max_clause_literals8_clause_len_penalty0.35_slot_pool_size40_compose_expansion4_repair_steps2_repair_top_literals20.json
[cmd] /dccstor/principled_ai/users/saranyaibm2/xor/.venv/bin/python3 /dccstor/principled_ai/users/saranyaibm2/xor/solver/families/cnf_dnf/eval.py --task_name 3dnf_28d --seed 10041 --eval_tasks 1000 --output_file /dccstor/principled_ai/users/saranyaibm2/xor/outputs/family_pipeline/cnf_dnf/20260301_221525/3dnf_28d/3dnf_28d_seed41_val_top_literals20_candidate_budget1200_min_clause_literals2_max_clause_literals6_clause_len_penalty0.2_slot_pool_size24_compose_expansion4_repair_steps2_repair_top_literals20.json --project_root /dccstor/principled_ai/users/saranyaibm2/xor --top_literals 20 --candidate_budget 1200 --min_clause_literals 2 --max_clause_literals 6 --clause_len_penalty 0.2 --slot_pool_size 24 --compose_expansion 4 --repair_steps 2 --repair_top_literals 20 --checkpoint_dir /dccstor/principled_ai/users/saranyaibm2/xor/outputs/family_pipeline/cnf_dnf/20260301_221525/checkpoints/3dnf_28d_seed41
Saved: /dccstor/principled_ai/users/saranyaibm2/xor/outputs/family_pipeline/cnf_dnf/20260301_221525/3dnf_28d/3dnf_28d_seed41_val_top_literals20_candidate_budget1200_min_clause_literals2_max_clause_literals6_clause_len_penalty0.2_slot_pool_size24_compose_expansion4_repair_steps2_repair_top_literals20.json
[cmd] /dccstor/principled_ai/users/saranyaibm2/xor/.venv/bin/python3 /dccstor/principled_ai/users/saranyaibm2/xor/solver/families/cnf_dnf/eval.py --task_name 3dnf_28d --seed 10041 --eval_tasks 1000 --output_file /dccstor/principled_ai/users/saranyaibm2/xor/outputs/family_pipeline/cnf_dnf/20260301_221525/3dnf_28d/3dnf_28d_seed41_val_top_literals20_candidate_budget1200_min_clause_literals2_max_clause_literals6_clause_len_penalty0.2_slot_pool_size40_compose_expansion4_repair_steps2_repair_top_literals20.json --project_root /dccstor/principled_ai/users/saranyaibm2/xor --top_literals 20 --candidate_budget 1200 --min_clause_literals 2 --max_clause_literals 6 --clause_len_penalty 0.2 --slot_pool_size 40 --compose_expansion 4 --repair_steps 2 --repair_top_literals 20 --checkpoint_dir /dccstor/principled_ai/users/saranyaibm2/xor/outputs/family_pipeline/cnf_dnf/20260301_221525/checkpoints/3dnf_28d_seed41
Saved: /dccstor/principled_ai/users/saranyaibm2/xor/outputs/family_pipeline/cnf_dnf/20260301_221525/3dnf_28d/3dnf_28d_seed41_val_top_literals20_candidate_budget1200_min_clause_literals2_max_clause_literals6_clause_len_penalty0.2_slot_pool_size40_compose_expansion4_repair_steps2_repair_top_literals20.json
[cmd] /dccstor/principled_ai/users/saranyaibm2/xor/.venv/bin/python3 /dccstor/principled_ai/users/saranyaibm2/xor/solver/families/cnf_dnf/eval.py --task_name 3dnf_28d --seed 10041 --eval_tasks 1000 --output_file /dccstor/principled_ai/users/saranyaibm2/xor/outputs/family_pipeline/cnf_dnf/20260301_221525/3dnf_28d/3dnf_28d_seed41_val_top_literals20_candidate_budget1200_min_clause_literals2_max_clause_literals6_clause_len_penalty0.35_slot_pool_size24_compose_expansion4_repair_steps2_repair_top_literals20.json --project_root /dccstor/principled_ai/users/saranyaibm2/xor --top_literals 20 --candidate_budget 1200 --min_clause_literals 2 --max_clause_literals 6 --clause_len_penalty 0.35 --slot_pool_size 24 --compose_expansion 4 --repair_steps 2 --repair_top_literals 20 --checkpoint_dir /dccstor/principled_ai/users/saranyaibm2/xor/outputs/family_pipeline/cnf_dnf/20260301_221525/checkpoints/3dnf_28d_seed41
Saved: /dccstor/principled_ai/users/saranyaibm2/xor/outputs/family_pipeline/cnf_dnf/20260301_221525/3dnf_28d/3dnf_28d_seed41_val_top_literals20_candidate_budget1200_min_clause_literals2_max_clause_literals6_clause_len_penalty0.35_slot_pool_size24_compose_expansion4_repair_steps2_repair_top_literals20.json
[cmd] /dccstor/principled_ai/users/saranyaibm2/xor/.venv/bin/python3 /dccstor/principled_ai/users/saranyaibm2/xor/solver/families/cnf_dnf/eval.py --task_name 3dnf_28d --seed 10041 --eval_tasks 1000 --output_file /dccstor/principled_ai/users/saranyaibm2/xor/outputs/family_pipeline/cnf_dnf/20260301_221525/3dnf_28d/3dnf_28d_seed41_val_top_literals20_candidate_budget1200_min_clause_literals2_max_clause_literals6_clause_len_penalty0.35_slot_pool_size40_compose_expansion4_repair_steps2_repair_top_literals20.json --project_root /dccstor/principled_ai/users/saranyaibm2/xor --top_literals 20 --candidate_budget 1200 --min_clause_literals 2 --max_clause_literals 6 --clause_len_penalty 0.35 --slot_pool_size 40 --compose_expansion 4 --repair_steps 2 --repair_top_literals 20 --checkpoint_dir /dccstor/principled_ai/users/saranyaibm2/xor/outputs/family_pipeline/cnf_dnf/20260301_221525/checkpoints/3dnf_28d_seed41
Saved: /dccstor/principled_ai/users/saranyaibm2/xor/outputs/family_pipeline/cnf_dnf/20260301_221525/3dnf_28d/3dnf_28d_seed41_val_top_literals20_candidate_budget1200_min_clause_literals2_max_clause_literals6_clause_len_penalty0.35_slot_pool_size40_compose_expansion4_repair_steps2_repair_top_literals20.json
[cmd] /dccstor/principled_ai/users/saranyaibm2/xor/.venv/bin/python3 /dccstor/principled_ai/users/saranyaibm2/xor/solver/families/cnf_dnf/eval.py --task_name 3dnf_28d --seed 10041 --eval_tasks 1000 --output_file /dccstor/principled_ai/users/saranyaibm2/xor/outputs/family_pipeline/cnf_dnf/20260301_221525/3dnf_28d/3dnf_28d_seed41_val_top_literals20_candidate_budget1200_min_clause_literals2_max_clause_literals8_clause_len_penalty0.2_slot_pool_size24_compose_expansion4_repair_steps2_repair_top_literals20.json --project_root /dccstor/principled_ai/users/saranyaibm2/xor --top_literals 20 --candidate_budget 1200 --min_clause_literals 2 --max_clause_literals 8 --clause_len_penalty 0.2 --slot_pool_size 24 --compose_expansion 4 --repair_steps 2 --repair_top_literals 20 --checkpoint_dir /dccstor/principled_ai/users/saranyaibm2/xor/outputs/family_pipeline/cnf_dnf/20260301_221525/checkpoints/3dnf_28d_seed41
Saved: /dccstor/principled_ai/users/saranyaibm2/xor/outputs/family_pipeline/cnf_dnf/20260301_221525/3dnf_28d/3dnf_28d_seed41_val_top_literals20_candidate_budget1200_min_clause_literals2_max_clause_literals8_clause_len_penalty0.2_slot_pool_size24_compose_expansion4_repair_steps2_repair_top_literals20.json
[cmd] /dccstor/principled_ai/users/saranyaibm2/xor/.venv/bin/python3 /dccstor/principled_ai/users/saranyaibm2/xor/solver/families/cnf_dnf/eval.py --task_name 3dnf_28d --seed 10041 --eval_tasks 1000 --output_file /dccstor/principled_ai/users/saranyaibm2/xor/outputs/family_pipeline/cnf_dnf/20260301_221525/3dnf_28d/3dnf_28d_seed41_val_top_literals20_candidate_budget1200_min_clause_literals2_max_clause_literals8_clause_len_penalty0.2_slot_pool_size40_compose_expansion4_repair_steps2_repair_top_literals20.json --project_root /dccstor/principled_ai/users/saranyaibm2/xor --top_literals 20 --candidate_budget 1200 --min_clause_literals 2 --max_clause_literals 8 --clause_len_penalty 0.2 --slot_pool_size 40 --compose_expansion 4 --repair_steps 2 --repair_top_literals 20 --checkpoint_dir /dccstor/principled_ai/users/saranyaibm2/xor/outputs/family_pipeline/cnf_dnf/20260301_221525/checkpoints/3dnf_28d_seed41
Saved: /dccstor/principled_ai/users/saranyaibm2/xor/outputs/family_pipeline/cnf_dnf/20260301_221525/3dnf_28d/3dnf_28d_seed41_val_top_literals20_candidate_budget1200_min_clause_literals2_max_clause_literals8_clause_len_penalty0.2_slot_pool_size40_compose_expansion4_repair_steps2_repair_top_literals20.json
[cmd] /dccstor/principled_ai/users/saranyaibm2/xor/.venv/bin/python3 /dccstor/principled_ai/users/saranyaibm2/xor/solver/families/cnf_dnf/eval.py --task_name 3dnf_28d --seed 10041 --eval_tasks 1000 --output_file /dccstor/principled_ai/users/saranyaibm2/xor/outputs/family_pipeline/cnf_dnf/20260301_221525/3dnf_28d/3dnf_28d_seed41_val_top_literals20_candidate_budget1200_min_clause_literals2_max_clause_literals8_clause_len_penalty0.35_slot_pool_size24_compose_expansion4_repair_steps2_repair_top_literals20.json --project_root /dccstor/principled_ai/users/saranyaibm2/xor --top_literals 20 --candidate_budget 1200 --min_clause_literals 2 --max_clause_literals 8 --clause_len_penalty 0.35 --slot_pool_size 24 --compose_expansion 4 --repair_steps 2 --repair_top_literals 20 --checkpoint_dir /dccstor/principled_ai/users/saranyaibm2/xor/outputs/family_pipeline/cnf_dnf/20260301_221525/checkpoints/3dnf_28d_seed41
Saved: /dccstor/principled_ai/users/saranyaibm2/xor/outputs/family_pipeline/cnf_dnf/20260301_221525/3dnf_28d/3dnf_28d_seed41_val_top_literals20_candidate_budget1200_min_clause_literals2_max_clause_literals8_clause_len_penalty0.35_slot_pool_size24_compose_expansion4_repair_steps2_repair_top_literals20.json
[cmd] /dccstor/principled_ai/users/saranyaibm2/xor/.venv/bin/python3 /dccstor/principled_ai/users/saranyaibm2/xor/solver/families/cnf_dnf/eval.py --task_name 3dnf_28d --seed 10041 --eval_tasks 1000 --output_file /dccstor/principled_ai/users/saranyaibm2/xor/outputs/family_pipeline/cnf_dnf/20260301_221525/3dnf_28d/3dnf_28d_seed41_val_top_literals20_candidate_budget1200_min_clause_literals2_max_clause_literals8_clause_len_penalty0.35_slot_pool_size40_compose_expansion4_repair_steps2_repair_top_literals20.json --project_root /dccstor/principled_ai/users/saranyaibm2/xor --top_literals 20 --candidate_budget 1200 --min_clause_literals 2 --max_clause_literals 8 --clause_len_penalty 0.35 --slot_pool_size 40 --compose_expansion 4 --repair_steps 2 --repair_top_literals 20 --checkpoint_dir /dccstor/principled_ai/users/saranyaibm2/xor/outputs/family_pipeline/cnf_dnf/20260301_221525/checkpoints/3dnf_28d_seed41
Saved: /dccstor/principled_ai/users/saranyaibm2/xor/outputs/family_pipeline/cnf_dnf/20260301_221525/3dnf_28d/3dnf_28d_seed41_val_top_literals20_candidate_budget1200_min_clause_literals2_max_clause_literals8_clause_len_penalty0.35_slot_pool_size40_compose_expansion4_repair_steps2_repair_top_literals20.json
[cmd] /dccstor/principled_ai/users/saranyaibm2/xor/.venv/bin/python3 /dccstor/principled_ai/users/saranyaibm2/xor/solver/families/cnf_dnf/eval.py --task_name 3dnf_28d --seed 10041 --eval_tasks 1000 --output_file /dccstor/principled_ai/users/saranyaibm2/xor/outputs/family_pipeline/cnf_dnf/20260301_221525/3dnf_28d/3dnf_28d_seed41_val_top_literals28_candidate_budget600_min_clause_literals1_max_clause_literals6_clause_len_penalty0.2_slot_pool_size24_compose_expansion4_repair_steps2_repair_top_literals20.json --project_root /dccstor/principled_ai/users/saranyaibm2/xor --top_literals 28 --candidate_budget 600 --min_clause_literals 1 --max_clause_literals 6 --clause_len_penalty 0.2 --slot_pool_size 24 --compose_expansion 4 --repair_steps 2 --repair_top_literals 20 --checkpoint_dir /dccstor/principled_ai/users/saranyaibm2/xor/outputs/family_pipeline/cnf_dnf/20260301_221525/checkpoints/3dnf_28d_seed41
Saved: /dccstor/principled_ai/users/saranyaibm2/xor/outputs/family_pipeline/cnf_dnf/20260301_221525/3dnf_28d/3dnf_28d_seed41_val_top_literals28_candidate_budget600_min_clause_literals1_max_clause_literals6_clause_len_penalty0.2_slot_pool_size24_compose_expansion4_repair_steps2_repair_top_literals20.json
[cmd] /dccstor/principled_ai/users/saranyaibm2/xor/.venv/bin/python3 /dccstor/principled_ai/users/saranyaibm2/xor/solver/families/cnf_dnf/eval.py --task_name 3dnf_28d --seed 10041 --eval_tasks 1000 --output_file /dccstor/principled_ai/users/saranyaibm2/xor/outputs/family_pipeline/cnf_dnf/20260301_221525/3dnf_28d/3dnf_28d_seed41_val_top_literals28_candidate_budget600_min_clause_literals1_max_clause_literals6_clause_len_penalty0.2_slot_pool_size40_compose_expansion4_repair_steps2_repair_top_literals20.json --project_root /dccstor/principled_ai/users/saranyaibm2/xor --top_literals 28 --candidate_budget 600 --min_clause_literals 1 --max_clause_literals 6 --clause_len_penalty 0.2 --slot_pool_size 40 --compose_expansion 4 --repair_steps 2 --repair_top_literals 20 --checkpoint_dir /dccstor/principled_ai/users/saranyaibm2/xor/outputs/family_pipeline/cnf_dnf/20260301_221525/checkpoints/3dnf_28d_seed41
Saved: /dccstor/principled_ai/users/saranyaibm2/xor/outputs/family_pipeline/cnf_dnf/20260301_221525/3dnf_28d/3dnf_28d_seed41_val_top_literals28_candidate_budget600_min_clause_literals1_max_clause_literals6_clause_len_penalty0.2_slot_pool_size40_compose_expansion4_repair_steps2_repair_top_literals20.json
[cmd] /dccstor/principled_ai/users/saranyaibm2/xor/.venv/bin/python3 /dccstor/principled_ai/users/saranyaibm2/xor/solver/families/cnf_dnf/eval.py --task_name 3dnf_28d --seed 10041 --eval_tasks 1000 --output_file /dccstor/principled_ai/users/saranyaibm2/xor/outputs/family_pipeline/cnf_dnf/20260301_221525/3dnf_28d/3dnf_28d_seed41_val_top_literals28_candidate_budget600_min_clause_literals1_max_clause_literals6_clause_len_penalty0.35_slot_pool_size24_compose_expansion4_repair_steps2_repair_top_literals20.json --project_root /dccstor/principled_ai/users/saranyaibm2/xor --top_literals 28 --candidate_budget 600 --min_clause_literals 1 --max_clause_literals 6 --clause_len_penalty 0.35 --slot_pool_size 24 --compose_expansion 4 --repair_steps 2 --repair_top_literals 20 --checkpoint_dir /dccstor/principled_ai/users/saranyaibm2/xor/outputs/family_pipeline/cnf_dnf/20260301_221525/checkpoints/3dnf_28d_seed41
Saved: /dccstor/principled_ai/users/saranyaibm2/xor/outputs/family_pipeline/cnf_dnf/20260301_221525/3dnf_28d/3dnf_28d_seed41_val_top_literals28_candidate_budget600_min_clause_literals1_max_clause_literals6_clause_len_penalty0.35_slot_pool_size24_compose_expansion4_repair_steps2_repair_top_literals20.json
[cmd] /dccstor/principled_ai/users/saranyaibm2/xor/.venv/bin/python3 /dccstor/principled_ai/users/saranyaibm2/xor/solver/families/cnf_dnf/eval.py --task_name 3dnf_28d --seed 10041 --eval_tasks 1000 --output_file /dccstor/principled_ai/users/saranyaibm2/xor/outputs/family_pipeline/cnf_dnf/20260301_221525/3dnf_28d/3dnf_28d_seed41_val_top_literals28_candidate_budget600_min_clause_literals1_max_clause_literals6_clause_len_penalty0.35_slot_pool_size40_compose_expansion4_repair_steps2_repair_top_literals20.json --project_root /dccstor/principled_ai/users/saranyaibm2/xor --top_literals 28 --candidate_budget 600 --min_clause_literals 1 --max_clause_literals 6 --clause_len_penalty 0.35 --slot_pool_size 40 --compose_expansion 4 --repair_steps 2 --repair_top_literals 20 --checkpoint_dir /dccstor/principled_ai/users/saranyaibm2/xor/outputs/family_pipeline/cnf_dnf/20260301_221525/checkpoints/3dnf_28d_seed41
Saved: /dccstor/principled_ai/users/saranyaibm2/xor/outputs/family_pipeline/cnf_dnf/20260301_221525/3dnf_28d/3dnf_28d_seed41_val_top_literals28_candidate_budget600_min_clause_literals1_max_clause_literals6_clause_len_penalty0.35_slot_pool_size40_compose_expansion4_repair_steps2_repair_top_literals20.json
[cmd] /dccstor/principled_ai/users/saranyaibm2/xor/.venv/bin/python3 /dccstor/principled_ai/users/saranyaibm2/xor/solver/families/cnf_dnf/eval.py --task_name 3dnf_28d --seed 10041 --eval_tasks 1000 --output_file /dccstor/principled_ai/users/saranyaibm2/xor/outputs/family_pipeline/cnf_dnf/20260301_221525/3dnf_28d/3dnf_28d_seed41_val_top_literals28_candidate_budget600_min_clause_literals1_max_clause_literals8_clause_len_penalty0.2_slot_pool_size24_compose_expansion4_repair_steps2_repair_top_literals20.json --project_root /dccstor/principled_ai/users/saranyaibm2/xor --top_literals 28 --candidate_budget 600 --min_clause_literals 1 --max_clause_literals 8 --clause_len_penalty 0.2 --slot_pool_size 24 --compose_expansion 4 --repair_steps 2 --repair_top_literals 20 --checkpoint_dir /dccstor/principled_ai/users/saranyaibm2/xor/outputs/family_pipeline/cnf_dnf/20260301_221525/checkpoints/3dnf_28d_seed41
Saved: /dccstor/principled_ai/users/saranyaibm2/xor/outputs/family_pipeline/cnf_dnf/20260301_221525/3dnf_28d/3dnf_28d_seed41_val_top_literals28_candidate_budget600_min_clause_literals1_max_clause_literals8_clause_len_penalty0.2_slot_pool_size24_compose_expansion4_repair_steps2_repair_top_literals20.json
[cmd] /dccstor/principled_ai/users/saranyaibm2/xor/.venv/bin/python3 /dccstor/principled_ai/users/saranyaibm2/xor/solver/families/cnf_dnf/eval.py --task_name 3dnf_28d --seed 10041 --eval_tasks 1000 --output_file /dccstor/principled_ai/users/saranyaibm2/xor/outputs/family_pipeline/cnf_dnf/20260301_221525/3dnf_28d/3dnf_28d_seed41_val_top_literals28_candidate_budget600_min_clause_literals1_max_clause_literals8_clause_len_penalty0.2_slot_pool_size40_compose_expansion4_repair_steps2_repair_top_literals20.json --project_root /dccstor/principled_ai/users/saranyaibm2/xor --top_literals 28 --candidate_budget 600 --min_clause_literals 1 --max_clause_literals 8 --clause_len_penalty 0.2 --slot_pool_size 40 --compose_expansion 4 --repair_steps 2 --repair_top_literals 20 --checkpoint_dir /dccstor/principled_ai/users/saranyaibm2/xor/outputs/family_pipeline/cnf_dnf/20260301_221525/checkpoints/3dnf_28d_seed41
Saved: /dccstor/principled_ai/users/saranyaibm2/xor/outputs/family_pipeline/cnf_dnf/20260301_221525/3dnf_28d/3dnf_28d_seed41_val_top_literals28_candidate_budget600_min_clause_literals1_max_clause_literals8_clause_len_penalty0.2_slot_pool_size40_compose_expansion4_repair_steps2_repair_top_literals20.json
[cmd] /dccstor/principled_ai/users/saranyaibm2/xor/.venv/bin/python3 /dccstor/principled_ai/users/saranyaibm2/xor/solver/families/cnf_dnf/eval.py --task_name 3dnf_28d --seed 10041 --eval_tasks 1000 --output_file /dccstor/principled_ai/users/saranyaibm2/xor/outputs/family_pipeline/cnf_dnf/20260301_221525/3dnf_28d/3dnf_28d_seed41_val_top_literals28_candidate_budget600_min_clause_literals1_max_clause_literals8_clause_len_penalty0.35_slot_pool_size24_compose_expansion4_repair_steps2_repair_top_literals20.json --project_root /dccstor/principled_ai/users/saranyaibm2/xor --top_literals 28 --candidate_budget 600 --min_clause_literals 1 --max_clause_literals 8 --clause_len_penalty 0.35 --slot_pool_size 24 --compose_expansion 4 --repair_steps 2 --repair_top_literals 20 --checkpoint_dir /dccstor/principled_ai/users/saranyaibm2/xor/outputs/family_pipeline/cnf_dnf/20260301_221525/checkpoints/3dnf_28d_seed41
Saved: /dccstor/principled_ai/users/saranyaibm2/xor/outputs/family_pipeline/cnf_dnf/20260301_221525/3dnf_28d/3dnf_28d_seed41_val_top_literals28_candidate_budget600_min_clause_literals1_max_clause_literals8_clause_len_penalty0.35_slot_pool_size24_compose_expansion4_repair_steps2_repair_top_literals20.json
[cmd] /dccstor/principled_ai/users/saranyaibm2/xor/.venv/bin/python3 /dccstor/principled_ai/users/saranyaibm2/xor/solver/families/cnf_dnf/eval.py --task_name 3dnf_28d --seed 10041 --eval_tasks 1000 --output_file /dccstor/principled_ai/users/saranyaibm2/xor/outputs/family_pipeline/cnf_dnf/20260301_221525/3dnf_28d/3dnf_28d_seed41_val_top_literals28_candidate_budget600_min_clause_literals1_max_clause_literals8_clause_len_penalty0.35_slot_pool_size40_compose_expansion4_repair_steps2_repair_top_literals20.json --project_root /dccstor/principled_ai/users/saranyaibm2/xor --top_literals 28 --candidate_budget 600 --min_clause_literals 1 --max_clause_literals 8 --clause_len_penalty 0.35 --slot_pool_size 40 --compose_expansion 4 --repair_steps 2 --repair_top_literals 20 --checkpoint_dir /dccstor/principled_ai/users/saranyaibm2/xor/outputs/family_pipeline/cnf_dnf/20260301_221525/checkpoints/3dnf_28d_seed41
Saved: /dccstor/principled_ai/users/saranyaibm2/xor/outputs/family_pipeline/cnf_dnf/20260301_221525/3dnf_28d/3dnf_28d_seed41_val_top_literals28_candidate_budget600_min_clause_literals1_max_clause_literals8_clause_len_penalty0.35_slot_pool_size40_compose_expansion4_repair_steps2_repair_top_literals20.json
[cmd] /dccstor/principled_ai/users/saranyaibm2/xor/.venv/bin/python3 /dccstor/principled_ai/users/saranyaibm2/xor/solver/families/cnf_dnf/eval.py --task_name 3dnf_28d --seed 10041 --eval_tasks 1000 --output_file /dccstor/principled_ai/users/saranyaibm2/xor/outputs/family_pipeline/cnf_dnf/20260301_221525/3dnf_28d/3dnf_28d_seed41_val_top_literals28_candidate_budget600_min_clause_literals2_max_clause_literals6_clause_len_penalty0.2_slot_pool_size24_compose_expansion4_repair_steps2_repair_top_literals20.json --project_root /dccstor/principled_ai/users/saranyaibm2/xor --top_literals 28 --candidate_budget 600 --min_clause_literals 2 --max_clause_literals 6 --clause_len_penalty 0.2 --slot_pool_size 24 --compose_expansion 4 --repair_steps 2 --repair_top_literals 20 --checkpoint_dir /dccstor/principled_ai/users/saranyaibm2/xor/outputs/family_pipeline/cnf_dnf/20260301_221525/checkpoints/3dnf_28d_seed41
Saved: /dccstor/principled_ai/users/saranyaibm2/xor/outputs/family_pipeline/cnf_dnf/20260301_221525/3dnf_28d/3dnf_28d_seed41_val_top_literals28_candidate_budget600_min_clause_literals2_max_clause_literals6_clause_len_penalty0.2_slot_pool_size24_compose_expansion4_repair_steps2_repair_top_literals20.json
[cmd] /dccstor/principled_ai/users/saranyaibm2/xor/.venv/bin/python3 /dccstor/principled_ai/users/saranyaibm2/xor/solver/families/cnf_dnf/eval.py --task_name 3dnf_28d --seed 10041 --eval_tasks 1000 --output_file /dccstor/principled_ai/users/saranyaibm2/xor/outputs/family_pipeline/cnf_dnf/20260301_221525/3dnf_28d/3dnf_28d_seed41_val_top_literals28_candidate_budget600_min_clause_literals2_max_clause_literals6_clause_len_penalty0.2_slot_pool_size40_compose_expansion4_repair_steps2_repair_top_literals20.json --project_root /dccstor/principled_ai/users/saranyaibm2/xor --top_literals 28 --candidate_budget 600 --min_clause_literals 2 --max_clause_literals 6 --clause_len_penalty 0.2 --slot_pool_size 40 --compose_expansion 4 --repair_steps 2 --repair_top_literals 20 --checkpoint_dir /dccstor/principled_ai/users/saranyaibm2/xor/outputs/family_pipeline/cnf_dnf/20260301_221525/checkpoints/3dnf_28d_seed41
Saved: /dccstor/principled_ai/users/saranyaibm2/xor/outputs/family_pipeline/cnf_dnf/20260301_221525/3dnf_28d/3dnf_28d_seed41_val_top_literals28_candidate_budget600_min_clause_literals2_max_clause_literals6_clause_len_penalty0.2_slot_pool_size40_compose_expansion4_repair_steps2_repair_top_literals20.json
[cmd] /dccstor/principled_ai/users/saranyaibm2/xor/.venv/bin/python3 /dccstor/principled_ai/users/saranyaibm2/xor/solver/families/cnf_dnf/eval.py --task_name 3dnf_28d --seed 10041 --eval_tasks 1000 --output_file /dccstor/principled_ai/users/saranyaibm2/xor/outputs/family_pipeline/cnf_dnf/20260301_221525/3dnf_28d/3dnf_28d_seed41_val_top_literals28_candidate_budget600_min_clause_literals2_max_clause_literals6_clause_len_penalty0.35_slot_pool_size24_compose_expansion4_repair_steps2_repair_top_literals20.json --project_root /dccstor/principled_ai/users/saranyaibm2/xor --top_literals 28 --candidate_budget 600 --min_clause_literals 2 --max_clause_literals 6 --clause_len_penalty 0.35 --slot_pool_size 24 --compose_expansion 4 --repair_steps 2 --repair_top_literals 20 --checkpoint_dir /dccstor/principled_ai/users/saranyaibm2/xor/outputs/family_pipeline/cnf_dnf/20260301_221525/checkpoints/3dnf_28d_seed41
Saved: /dccstor/principled_ai/users/saranyaibm2/xor/outputs/family_pipeline/cnf_dnf/20260301_221525/3dnf_28d/3dnf_28d_seed41_val_top_literals28_candidate_budget600_min_clause_literals2_max_clause_literals6_clause_len_penalty0.35_slot_pool_size24_compose_expansion4_repair_steps2_repair_top_literals20.json
[cmd] /dccstor/principled_ai/users/saranyaibm2/xor/.venv/bin/python3 /dccstor/principled_ai/users/saranyaibm2/xor/solver/families/cnf_dnf/eval.py --task_name 3dnf_28d --seed 10041 --eval_tasks 1000 --output_file /dccstor/principled_ai/users/saranyaibm2/xor/outputs/family_pipeline/cnf_dnf/20260301_221525/3dnf_28d/3dnf_28d_seed41_val_top_literals28_candidate_budget600_min_clause_literals2_max_clause_literals6_clause_len_penalty0.35_slot_pool_size40_compose_expansion4_repair_steps2_repair_top_literals20.json --project_root /dccstor/principled_ai/users/saranyaibm2/xor --top_literals 28 --candidate_budget 600 --min_clause_literals 2 --max_clause_literals 6 --clause_len_penalty 0.35 --slot_pool_size 40 --compose_expansion 4 --repair_steps 2 --repair_top_literals 20 --checkpoint_dir /dccstor/principled_ai/users/saranyaibm2/xor/outputs/family_pipeline/cnf_dnf/20260301_221525/checkpoints/3dnf_28d_seed41
Saved: /dccstor/principled_ai/users/saranyaibm2/xor/outputs/family_pipeline/cnf_dnf/20260301_221525/3dnf_28d/3dnf_28d_seed41_val_top_literals28_candidate_budget600_min_clause_literals2_max_clause_literals6_clause_len_penalty0.35_slot_pool_size40_compose_expansion4_repair_steps2_repair_top_literals20.json
[cmd] /dccstor/principled_ai/users/saranyaibm2/xor/.venv/bin/python3 /dccstor/principled_ai/users/saranyaibm2/xor/solver/families/cnf_dnf/eval.py --task_name 3dnf_28d --seed 10041 --eval_tasks 1000 --output_file /dccstor/principled_ai/users/saranyaibm2/xor/outputs/family_pipeline/cnf_dnf/20260301_221525/3dnf_28d/3dnf_28d_seed41_val_top_literals28_candidate_budget600_min_clause_literals2_max_clause_literals8_clause_len_penalty0.2_slot_pool_size24_compose_expansion4_repair_steps2_repair_top_literals20.json --project_root /dccstor/principled_ai/users/saranyaibm2/xor --top_literals 28 --candidate_budget 600 --min_clause_literals 2 --max_clause_literals 8 --clause_len_penalty 0.2 --slot_pool_size 24 --compose_expansion 4 --repair_steps 2 --repair_top_literals 20 --checkpoint_dir /dccstor/principled_ai/users/saranyaibm2/xor/outputs/family_pipeline/cnf_dnf/20260301_221525/checkpoints/3dnf_28d_seed41
Saved: /dccstor/principled_ai/users/saranyaibm2/xor/outputs/family_pipeline/cnf_dnf/20260301_221525/3dnf_28d/3dnf_28d_seed41_val_top_literals28_candidate_budget600_min_clause_literals2_max_clause_literals8_clause_len_penalty0.2_slot_pool_size24_compose_expansion4_repair_steps2_repair_top_literals20.json
[cmd] /dccstor/principled_ai/users/saranyaibm2/xor/.venv/bin/python3 /dccstor/principled_ai/users/saranyaibm2/xor/solver/families/cnf_dnf/eval.py --task_name 3dnf_28d --seed 10041 --eval_tasks 1000 --output_file /dccstor/principled_ai/users/saranyaibm2/xor/outputs/family_pipeline/cnf_dnf/20260301_221525/3dnf_28d/3dnf_28d_seed41_val_top_literals28_candidate_budget600_min_clause_literals2_max_clause_literals8_clause_len_penalty0.2_slot_pool_size40_compose_expansion4_repair_steps2_repair_top_literals20.json --project_root /dccstor/principled_ai/users/saranyaibm2/xor --top_literals 28 --candidate_budget 600 --min_clause_literals 2 --max_clause_literals 8 --clause_len_penalty 0.2 --slot_pool_size 40 --compose_expansion 4 --repair_steps 2 --repair_top_literals 20 --checkpoint_dir /dccstor/principled_ai/users/saranyaibm2/xor/outputs/family_pipeline/cnf_dnf/20260301_221525/checkpoints/3dnf_28d_seed41
Saved: /dccstor/principled_ai/users/saranyaibm2/xor/outputs/family_pipeline/cnf_dnf/20260301_221525/3dnf_28d/3dnf_28d_seed41_val_top_literals28_candidate_budget600_min_clause_literals2_max_clause_literals8_clause_len_penalty0.2_slot_pool_size40_compose_expansion4_repair_steps2_repair_top_literals20.json
[cmd] /dccstor/principled_ai/users/saranyaibm2/xor/.venv/bin/python3 /dccstor/principled_ai/users/saranyaibm2/xor/solver/families/cnf_dnf/eval.py --task_name 3dnf_28d --seed 10041 --eval_tasks 1000 --output_file /dccstor/principled_ai/users/saranyaibm2/xor/outputs/family_pipeline/cnf_dnf/20260301_221525/3dnf_28d/3dnf_28d_seed41_val_top_literals28_candidate_budget600_min_clause_literals2_max_clause_literals8_clause_len_penalty0.35_slot_pool_size24_compose_expansion4_repair_steps2_repair_top_literals20.json --project_root /dccstor/principled_ai/users/saranyaibm2/xor --top_literals 28 --candidate_budget 600 --min_clause_literals 2 --max_clause_literals 8 --clause_len_penalty 0.35 --slot_pool_size 24 --compose_expansion 4 --repair_steps 2 --repair_top_literals 20 --checkpoint_dir /dccstor/principled_ai/users/saranyaibm2/xor/outputs/family_pipeline/cnf_dnf/20260301_221525/checkpoints/3dnf_28d_seed41
Saved: /dccstor/principled_ai/users/saranyaibm2/xor/outputs/family_pipeline/cnf_dnf/20260301_221525/3dnf_28d/3dnf_28d_seed41_val_top_literals28_candidate_budget600_min_clause_literals2_max_clause_literals8_clause_len_penalty0.35_slot_pool_size24_compose_expansion4_repair_steps2_repair_top_literals20.json
[cmd] /dccstor/principled_ai/users/saranyaibm2/xor/.venv/bin/python3 /dccstor/principled_ai/users/saranyaibm2/xor/solver/families/cnf_dnf/eval.py --task_name 3dnf_28d --seed 10041 --eval_tasks 1000 --output_file /dccstor/principled_ai/users/saranyaibm2/xor/outputs/family_pipeline/cnf_dnf/20260301_221525/3dnf_28d/3dnf_28d_seed41_val_top_literals28_candidate_budget600_min_clause_literals2_max_clause_literals8_clause_len_penalty0.35_slot_pool_size40_compose_expansion4_repair_steps2_repair_top_literals20.json --project_root /dccstor/principled_ai/users/saranyaibm2/xor --top_literals 28 --candidate_budget 600 --min_clause_literals 2 --max_clause_literals 8 --clause_len_penalty 0.35 --slot_pool_size 40 --compose_expansion 4 --repair_steps 2 --repair_top_literals 20 --checkpoint_dir /dccstor/principled_ai/users/saranyaibm2/xor/outputs/family_pipeline/cnf_dnf/20260301_221525/checkpoints/3dnf_28d_seed41
Saved: /dccstor/principled_ai/users/saranyaibm2/xor/outputs/family_pipeline/cnf_dnf/20260301_221525/3dnf_28d/3dnf_28d_seed41_val_top_literals28_candidate_budget600_min_clause_literals2_max_clause_literals8_clause_len_penalty0.35_slot_pool_size40_compose_expansion4_repair_steps2_repair_top_literals20.json
[cmd] /dccstor/principled_ai/users/saranyaibm2/xor/.venv/bin/python3 /dccstor/principled_ai/users/saranyaibm2/xor/solver/families/cnf_dnf/eval.py --task_name 3dnf_28d --seed 10041 --eval_tasks 1000 --output_file /dccstor/principled_ai/users/saranyaibm2/xor/outputs/family_pipeline/cnf_dnf/20260301_221525/3dnf_28d/3dnf_28d_seed41_val_top_literals28_candidate_budget1200_min_clause_literals1_max_clause_literals6_clause_len_penalty0.2_slot_pool_size24_compose_expansion4_repair_steps2_repair_top_literals20.json --project_root /dccstor/principled_ai/users/saranyaibm2/xor --top_literals 28 --candidate_budget 1200 --min_clause_literals 1 --max_clause_literals 6 --clause_len_penalty 0.2 --slot_pool_size 24 --compose_expansion 4 --repair_steps 2 --repair_top_literals 20 --checkpoint_dir /dccstor/principled_ai/users/saranyaibm2/xor/outputs/family_pipeline/cnf_dnf/20260301_221525/checkpoints/3dnf_28d_seed41
Saved: /dccstor/principled_ai/users/saranyaibm2/xor/outputs/family_pipeline/cnf_dnf/20260301_221525/3dnf_28d/3dnf_28d_seed41_val_top_literals28_candidate_budget1200_min_clause_literals1_max_clause_literals6_clause_len_penalty0.2_slot_pool_size24_compose_expansion4_repair_steps2_repair_top_literals20.json
[cmd] /dccstor/principled_ai/users/saranyaibm2/xor/.venv/bin/python3 /dccstor/principled_ai/users/saranyaibm2/xor/solver/families/cnf_dnf/eval.py --task_name 3dnf_28d --seed 10041 --eval_tasks 1000 --output_file /dccstor/principled_ai/users/saranyaibm2/xor/outputs/family_pipeline/cnf_dnf/20260301_221525/3dnf_28d/3dnf_28d_seed41_val_top_literals28_candidate_budget1200_min_clause_literals1_max_clause_literals6_clause_len_penalty0.2_slot_pool_size40_compose_expansion4_repair_steps2_repair_top_literals20.json --project_root /dccstor/principled_ai/users/saranyaibm2/xor --top_literals 28 --candidate_budget 1200 --min_clause_literals 1 --max_clause_literals 6 --clause_len_penalty 0.2 --slot_pool_size 40 --compose_expansion 4 --repair_steps 2 --repair_top_literals 20 --checkpoint_dir /dccstor/principled_ai/users/saranyaibm2/xor/outputs/family_pipeline/cnf_dnf/20260301_221525/checkpoints/3dnf_28d_seed41
Saved: /dccstor/principled_ai/users/saranyaibm2/xor/outputs/family_pipeline/cnf_dnf/20260301_221525/3dnf_28d/3dnf_28d_seed41_val_top_literals28_candidate_budget1200_min_clause_literals1_max_clause_literals6_clause_len_penalty0.2_slot_pool_size40_compose_expansion4_repair_steps2_repair_top_literals20.json
[cmd] /dccstor/principled_ai/users/saranyaibm2/xor/.venv/bin/python3 /dccstor/principled_ai/users/saranyaibm2/xor/solver/families/cnf_dnf/eval.py --task_name 3dnf_28d --seed 10041 --eval_tasks 1000 --output_file /dccstor/principled_ai/users/saranyaibm2/xor/outputs/family_pipeline/cnf_dnf/20260301_221525/3dnf_28d/3dnf_28d_seed41_val_top_literals28_candidate_budget1200_min_clause_literals1_max_clause_literals6_clause_len_penalty0.35_slot_pool_size24_compose_expansion4_repair_steps2_repair_top_literals20.json --project_root /dccstor/principled_ai/users/saranyaibm2/xor --top_literals 28 --candidate_budget 1200 --min_clause_literals 1 --max_clause_literals 6 --clause_len_penalty 0.35 --slot_pool_size 24 --compose_expansion 4 --repair_steps 2 --repair_top_literals 20 --checkpoint_dir /dccstor/principled_ai/users/saranyaibm2/xor/outputs/family_pipeline/cnf_dnf/20260301_221525/checkpoints/3dnf_28d_seed41
Saved: /dccstor/principled_ai/users/saranyaibm2/xor/outputs/family_pipeline/cnf_dnf/20260301_221525/3dnf_28d/3dnf_28d_seed41_val_top_literals28_candidate_budget1200_min_clause_literals1_max_clause_literals6_clause_len_penalty0.35_slot_pool_size24_compose_expansion4_repair_steps2_repair_top_literals20.json
[cmd] /dccstor/principled_ai/users/saranyaibm2/xor/.venv/bin/python3 /dccstor/principled_ai/users/saranyaibm2/xor/solver/families/cnf_dnf/eval.py --task_name 3dnf_28d --seed 10041 --eval_tasks 1000 --output_file /dccstor/principled_ai/users/saranyaibm2/xor/outputs/family_pipeline/cnf_dnf/20260301_221525/3dnf_28d/3dnf_28d_seed41_val_top_literals28_candidate_budget1200_min_clause_literals1_max_clause_literals6_clause_len_penalty0.35_slot_pool_size40_compose_expansion4_repair_steps2_repair_top_literals20.json --project_root /dccstor/principled_ai/users/saranyaibm2/xor --top_literals 28 --candidate_budget 1200 --min_clause_literals 1 --max_clause_literals 6 --clause_len_penalty 0.35 --slot_pool_size 40 --compose_expansion 4 --repair_steps 2 --repair_top_literals 20 --checkpoint_dir /dccstor/principled_ai/users/saranyaibm2/xor/outputs/family_pipeline/cnf_dnf/20260301_221525/checkpoints/3dnf_28d_seed41
Saved: /dccstor/principled_ai/users/saranyaibm2/xor/outputs/family_pipeline/cnf_dnf/20260301_221525/3dnf_28d/3dnf_28d_seed41_val_top_literals28_candidate_budget1200_min_clause_literals1_max_clause_literals6_clause_len_penalty0.35_slot_pool_size40_compose_expansion4_repair_steps2_repair_top_literals20.json
[cmd] /dccstor/principled_ai/users/saranyaibm2/xor/.venv/bin/python3 /dccstor/principled_ai/users/saranyaibm2/xor/solver/families/cnf_dnf/eval.py --task_name 3dnf_28d --seed 10041 --eval_tasks 1000 --output_file /dccstor/principled_ai/users/saranyaibm2/xor/outputs/family_pipeline/cnf_dnf/20260301_221525/3dnf_28d/3dnf_28d_seed41_val_top_literals28_candidate_budget1200_min_clause_literals1_max_clause_literals8_clause_len_penalty0.2_slot_pool_size24_compose_expansion4_repair_steps2_repair_top_literals20.json --project_root /dccstor/principled_ai/users/saranyaibm2/xor --top_literals 28 --candidate_budget 1200 --min_clause_literals 1 --max_clause_literals 8 --clause_len_penalty 0.2 --slot_pool_size 24 --compose_expansion 4 --repair_steps 2 --repair_top_literals 20 --checkpoint_dir /dccstor/principled_ai/users/saranyaibm2/xor/outputs/family_pipeline/cnf_dnf/20260301_221525/checkpoints/3dnf_28d_seed41
Saved: /dccstor/principled_ai/users/saranyaibm2/xor/outputs/family_pipeline/cnf_dnf/20260301_221525/3dnf_28d/3dnf_28d_seed41_val_top_literals28_candidate_budget1200_min_clause_literals1_max_clause_literals8_clause_len_penalty0.2_slot_pool_size24_compose_expansion4_repair_steps2_repair_top_literals20.json
[cmd] /dccstor/principled_ai/users/saranyaibm2/xor/.venv/bin/python3 /dccstor/principled_ai/users/saranyaibm2/xor/solver/families/cnf_dnf/eval.py --task_name 3dnf_28d --seed 10041 --eval_tasks 1000 --output_file /dccstor/principled_ai/users/saranyaibm2/xor/outputs/family_pipeline/cnf_dnf/20260301_221525/3dnf_28d/3dnf_28d_seed41_val_top_literals28_candidate_budget1200_min_clause_literals1_max_clause_literals8_clause_len_penalty0.2_slot_pool_size40_compose_expansion4_repair_steps2_repair_top_literals20.json --project_root /dccstor/principled_ai/users/saranyaibm2/xor --top_literals 28 --candidate_budget 1200 --min_clause_literals 1 --max_clause_literals 8 --clause_len_penalty 0.2 --slot_pool_size 40 --compose_expansion 4 --repair_steps 2 --repair_top_literals 20 --checkpoint_dir /dccstor/principled_ai/users/saranyaibm2/xor/outputs/family_pipeline/cnf_dnf/20260301_221525/checkpoints/3dnf_28d_seed41
Saved: /dccstor/principled_ai/users/saranyaibm2/xor/outputs/family_pipeline/cnf_dnf/20260301_221525/3dnf_28d/3dnf_28d_seed41_val_top_literals28_candidate_budget1200_min_clause_literals1_max_clause_literals8_clause_len_penalty0.2_slot_pool_size40_compose_expansion4_repair_steps2_repair_top_literals20.json
[cmd] /dccstor/principled_ai/users/saranyaibm2/xor/.venv/bin/python3 /dccstor/principled_ai/users/saranyaibm2/xor/solver/families/cnf_dnf/eval.py --task_name 3dnf_28d --seed 10041 --eval_tasks 1000 --output_file /dccstor/principled_ai/users/saranyaibm2/xor/outputs/family_pipeline/cnf_dnf/20260301_221525/3dnf_28d/3dnf_28d_seed41_val_top_literals28_candidate_budget1200_min_clause_literals1_max_clause_literals8_clause_len_penalty0.35_slot_pool_size24_compose_expansion4_repair_steps2_repair_top_literals20.json --project_root /dccstor/principled_ai/users/saranyaibm2/xor --top_literals 28 --candidate_budget 1200 --min_clause_literals 1 --max_clause_literals 8 --clause_len_penalty 0.35 --slot_pool_size 24 --compose_expansion 4 --repair_steps 2 --repair_top_literals 20 --checkpoint_dir /dccstor/principled_ai/users/saranyaibm2/xor/outputs/family_pipeline/cnf_dnf/20260301_221525/checkpoints/3dnf_28d_seed41
Saved: /dccstor/principled_ai/users/saranyaibm2/xor/outputs/family_pipeline/cnf_dnf/20260301_221525/3dnf_28d/3dnf_28d_seed41_val_top_literals28_candidate_budget1200_min_clause_literals1_max_clause_literals8_clause_len_penalty0.35_slot_pool_size24_compose_expansion4_repair_steps2_repair_top_literals20.json
[cmd] /dccstor/principled_ai/users/saranyaibm2/xor/.venv/bin/python3 /dccstor/principled_ai/users/saranyaibm2/xor/solver/families/cnf_dnf/eval.py --task_name 3dnf_28d --seed 10041 --eval_tasks 1000 --output_file /dccstor/principled_ai/users/saranyaibm2/xor/outputs/family_pipeline/cnf_dnf/20260301_221525/3dnf_28d/3dnf_28d_seed41_val_top_literals28_candidate_budget1200_min_clause_literals1_max_clause_literals8_clause_len_penalty0.35_slot_pool_size40_compose_expansion4_repair_steps2_repair_top_literals20.json --project_root /dccstor/principled_ai/users/saranyaibm2/xor --top_literals 28 --candidate_budget 1200 --min_clause_literals 1 --max_clause_literals 8 --clause_len_penalty 0.35 --slot_pool_size 40 --compose_expansion 4 --repair_steps 2 --repair_top_literals 20 --checkpoint_dir /dccstor/principled_ai/users/saranyaibm2/xor/outputs/family_pipeline/cnf_dnf/20260301_221525/checkpoints/3dnf_28d_seed41
Saved: /dccstor/principled_ai/users/saranyaibm2/xor/outputs/family_pipeline/cnf_dnf/20260301_221525/3dnf_28d/3dnf_28d_seed41_val_top_literals28_candidate_budget1200_min_clause_literals1_max_clause_literals8_clause_len_penalty0.35_slot_pool_size40_compose_expansion4_repair_steps2_repair_top_literals20.json
[cmd] /dccstor/principled_ai/users/saranyaibm2/xor/.venv/bin/python3 /dccstor/principled_ai/users/saranyaibm2/xor/solver/families/cnf_dnf/eval.py --task_name 3dnf_28d --seed 10041 --eval_tasks 1000 --output_file /dccstor/principled_ai/users/saranyaibm2/xor/outputs/family_pipeline/cnf_dnf/20260301_221525/3dnf_28d/3dnf_28d_seed41_val_top_literals28_candidate_budget1200_min_clause_literals2_max_clause_literals6_clause_len_penalty0.2_slot_pool_size24_compose_expansion4_repair_steps2_repair_top_literals20.json --project_root /dccstor/principled_ai/users/saranyaibm2/xor --top_literals 28 --candidate_budget 1200 --min_clause_literals 2 --max_clause_literals 6 --clause_len_penalty 0.2 --slot_pool_size 24 --compose_expansion 4 --repair_steps 2 --repair_top_literals 20 --checkpoint_dir /dccstor/principled_ai/users/saranyaibm2/xor/outputs/family_pipeline/cnf_dnf/20260301_221525/checkpoints/3dnf_28d_seed41
Saved: /dccstor/principled_ai/users/saranyaibm2/xor/outputs/family_pipeline/cnf_dnf/20260301_221525/3dnf_28d/3dnf_28d_seed41_val_top_literals28_candidate_budget1200_min_clause_literals2_max_clause_literals6_clause_len_penalty0.2_slot_pool_size24_compose_expansion4_repair_steps2_repair_top_literals20.json
[cmd] /dccstor/principled_ai/users/saranyaibm2/xor/.venv/bin/python3 /dccstor/principled_ai/users/saranyaibm2/xor/solver/families/cnf_dnf/eval.py --task_name 3dnf_28d --seed 10041 --eval_tasks 1000 --output_file /dccstor/principled_ai/users/saranyaibm2/xor/outputs/family_pipeline/cnf_dnf/20260301_221525/3dnf_28d/3dnf_28d_seed41_val_top_literals28_candidate_budget1200_min_clause_literals2_max_clause_literals6_clause_len_penalty0.2_slot_pool_size40_compose_expansion4_repair_steps2_repair_top_literals20.json --project_root /dccstor/principled_ai/users/saranyaibm2/xor --top_literals 28 --candidate_budget 1200 --min_clause_literals 2 --max_clause_literals 6 --clause_len_penalty 0.2 --slot_pool_size 40 --compose_expansion 4 --repair_steps 2 --repair_top_literals 20 --checkpoint_dir /dccstor/principled_ai/users/saranyaibm2/xor/outputs/family_pipeline/cnf_dnf/20260301_221525/checkpoints/3dnf_28d_seed41
Saved: /dccstor/principled_ai/users/saranyaibm2/xor/outputs/family_pipeline/cnf_dnf/20260301_221525/3dnf_28d/3dnf_28d_seed41_val_top_literals28_candidate_budget1200_min_clause_literals2_max_clause_literals6_clause_len_penalty0.2_slot_pool_size40_compose_expansion4_repair_steps2_repair_top_literals20.json
[cmd] /dccstor/principled_ai/users/saranyaibm2/xor/.venv/bin/python3 /dccstor/principled_ai/users/saranyaibm2/xor/solver/families/cnf_dnf/eval.py --task_name 3dnf_28d --seed 10041 --eval_tasks 1000 --output_file /dccstor/principled_ai/users/saranyaibm2/xor/outputs/family_pipeline/cnf_dnf/20260301_221525/3dnf_28d/3dnf_28d_seed41_val_top_literals28_candidate_budget1200_min_clause_literals2_max_clause_literals6_clause_len_penalty0.35_slot_pool_size24_compose_expansion4_repair_steps2_repair_top_literals20.json --project_root /dccstor/principled_ai/users/saranyaibm2/xor --top_literals 28 --candidate_budget 1200 --min_clause_literals 2 --max_clause_literals 6 --clause_len_penalty 0.35 --slot_pool_size 24 --compose_expansion 4 --repair_steps 2 --repair_top_literals 20 --checkpoint_dir /dccstor/principled_ai/users/saranyaibm2/xor/outputs/family_pipeline/cnf_dnf/20260301_221525/checkpoints/3dnf_28d_seed41
Saved: /dccstor/principled_ai/users/saranyaibm2/xor/outputs/family_pipeline/cnf_dnf/20260301_221525/3dnf_28d/3dnf_28d_seed41_val_top_literals28_candidate_budget1200_min_clause_literals2_max_clause_literals6_clause_len_penalty0.35_slot_pool_size24_compose_expansion4_repair_steps2_repair_top_literals20.json
[cmd] /dccstor/principled_ai/users/saranyaibm2/xor/.venv/bin/python3 /dccstor/principled_ai/users/saranyaibm2/xor/solver/families/cnf_dnf/eval.py --task_name 3dnf_28d --seed 10041 --eval_tasks 1000 --output_file /dccstor/principled_ai/users/saranyaibm2/xor/outputs/family_pipeline/cnf_dnf/20260301_221525/3dnf_28d/3dnf_28d_seed41_val_top_literals28_candidate_budget1200_min_clause_literals2_max_clause_literals6_clause_len_penalty0.35_slot_pool_size40_compose_expansion4_repair_steps2_repair_top_literals20.json --project_root /dccstor/principled_ai/users/saranyaibm2/xor --top_literals 28 --candidate_budget 1200 --min_clause_literals 2 --max_clause_literals 6 --clause_len_penalty 0.35 --slot_pool_size 40 --compose_expansion 4 --repair_steps 2 --repair_top_literals 20 --checkpoint_dir /dccstor/principled_ai/users/saranyaibm2/xor/outputs/family_pipeline/cnf_dnf/20260301_221525/checkpoints/3dnf_28d_seed41
Saved: /dccstor/principled_ai/users/saranyaibm2/xor/outputs/family_pipeline/cnf_dnf/20260301_221525/3dnf_28d/3dnf_28d_seed41_val_top_literals28_candidate_budget1200_min_clause_literals2_max_clause_literals6_clause_len_penalty0.35_slot_pool_size40_compose_expansion4_repair_steps2_repair_top_literals20.json
[cmd] /dccstor/principled_ai/users/saranyaibm2/xor/.venv/bin/python3 /dccstor/principled_ai/users/saranyaibm2/xor/solver/families/cnf_dnf/eval.py --task_name 3dnf_28d --seed 10041 --eval_tasks 1000 --output_file /dccstor/principled_ai/users/saranyaibm2/xor/outputs/family_pipeline/cnf_dnf/20260301_221525/3dnf_28d/3dnf_28d_seed41_val_top_literals28_candidate_budget1200_min_clause_literals2_max_clause_literals8_clause_len_penalty0.2_slot_pool_size24_compose_expansion4_repair_steps2_repair_top_literals20.json --project_root /dccstor/principled_ai/users/saranyaibm2/xor --top_literals 28 --candidate_budget 1200 --min_clause_literals 2 --max_clause_literals 8 --clause_len_penalty 0.2 --slot_pool_size 24 --compose_expansion 4 --repair_steps 2 --repair_top_literals 20 --checkpoint_dir /dccstor/principled_ai/users/saranyaibm2/xor/outputs/family_pipeline/cnf_dnf/20260301_221525/checkpoints/3dnf_28d_seed41
Saved: /dccstor/principled_ai/users/saranyaibm2/xor/outputs/family_pipeline/cnf_dnf/20260301_221525/3dnf_28d/3dnf_28d_seed41_val_top_literals28_candidate_budget1200_min_clause_literals2_max_clause_literals8_clause_len_penalty0.2_slot_pool_size24_compose_expansion4_repair_steps2_repair_top_literals20.json
[cmd] /dccstor/principled_ai/users/saranyaibm2/xor/.venv/bin/python3 /dccstor/principled_ai/users/saranyaibm2/xor/solver/families/cnf_dnf/eval.py --task_name 3dnf_28d --seed 10041 --eval_tasks 1000 --output_file /dccstor/principled_ai/users/saranyaibm2/xor/outputs/family_pipeline/cnf_dnf/20260301_221525/3dnf_28d/3dnf_28d_seed41_val_top_literals28_candidate_budget1200_min_clause_literals2_max_clause_literals8_clause_len_penalty0.2_slot_pool_size40_compose_expansion4_repair_steps2_repair_top_literals20.json --project_root /dccstor/principled_ai/users/saranyaibm2/xor --top_literals 28 --candidate_budget 1200 --min_clause_literals 2 --max_clause_literals 8 --clause_len_penalty 0.2 --slot_pool_size 40 --compose_expansion 4 --repair_steps 2 --repair_top_literals 20 --checkpoint_dir /dccstor/principled_ai/users/saranyaibm2/xor/outputs/family_pipeline/cnf_dnf/20260301_221525/checkpoints/3dnf_28d_seed41
Saved: /dccstor/principled_ai/users/saranyaibm2/xor/outputs/family_pipeline/cnf_dnf/20260301_221525/3dnf_28d/3dnf_28d_seed41_val_top_literals28_candidate_budget1200_min_clause_literals2_max_clause_literals8_clause_len_penalty0.2_slot_pool_size40_compose_expansion4_repair_steps2_repair_top_literals20.json
[cmd] /dccstor/principled_ai/users/saranyaibm2/xor/.venv/bin/python3 /dccstor/principled_ai/users/saranyaibm2/xor/solver/families/cnf_dnf/eval.py --task_name 3dnf_28d --seed 10041 --eval_tasks 1000 --output_file /dccstor/principled_ai/users/saranyaibm2/xor/outputs/family_pipeline/cnf_dnf/20260301_221525/3dnf_28d/3dnf_28d_seed41_val_top_literals28_candidate_budget1200_min_clause_literals2_max_clause_literals8_clause_len_penalty0.35_slot_pool_size24_compose_expansion4_repair_steps2_repair_top_literals20.json --project_root /dccstor/principled_ai/users/saranyaibm2/xor --top_literals 28 --candidate_budget 1200 --min_clause_literals 2 --max_clause_literals 8 --clause_len_penalty 0.35 --slot_pool_size 24 --compose_expansion 4 --repair_steps 2 --repair_top_literals 20 --checkpoint_dir /dccstor/principled_ai/users/saranyaibm2/xor/outputs/family_pipeline/cnf_dnf/20260301_221525/checkpoints/3dnf_28d_seed41
Saved: /dccstor/principled_ai/users/saranyaibm2/xor/outputs/family_pipeline/cnf_dnf/20260301_221525/3dnf_28d/3dnf_28d_seed41_val_top_literals28_candidate_budget1200_min_clause_literals2_max_clause_literals8_clause_len_penalty0.35_slot_pool_size24_compose_expansion4_repair_steps2_repair_top_literals20.json
[cmd] /dccstor/principled_ai/users/saranyaibm2/xor/.venv/bin/python3 /dccstor/principled_ai/users/saranyaibm2/xor/solver/families/cnf_dnf/eval.py --task_name 3dnf_28d --seed 10041 --eval_tasks 1000 --output_file /dccstor/principled_ai/users/saranyaibm2/xor/outputs/family_pipeline/cnf_dnf/20260301_221525/3dnf_28d/3dnf_28d_seed41_val_top_literals28_candidate_budget1200_min_clause_literals2_max_clause_literals8_clause_len_penalty0.35_slot_pool_size40_compose_expansion4_repair_steps2_repair_top_literals20.json --project_root /dccstor/principled_ai/users/saranyaibm2/xor --top_literals 28 --candidate_budget 1200 --min_clause_literals 2 --max_clause_literals 8 --clause_len_penalty 0.35 --slot_pool_size 40 --compose_expansion 4 --repair_steps 2 --repair_top_literals 20 --checkpoint_dir /dccstor/principled_ai/users/saranyaibm2/xor/outputs/family_pipeline/cnf_dnf/20260301_221525/checkpoints/3dnf_28d_seed41
Saved: /dccstor/principled_ai/users/saranyaibm2/xor/outputs/family_pipeline/cnf_dnf/20260301_221525/3dnf_28d/3dnf_28d_seed41_val_top_literals28_candidate_budget1200_min_clause_literals2_max_clause_literals8_clause_len_penalty0.35_slot_pool_size40_compose_expansion4_repair_steps2_repair_top_literals20.json
[cmd] /dccstor/principled_ai/users/saranyaibm2/xor/.venv/bin/python3 /dccstor/principled_ai/users/saranyaibm2/xor/solver/families/cnf_dnf/eval.py --task_name 3dnf_28d --seed 20041 --eval_tasks 3000 --output_file /dccstor/principled_ai/users/saranyaibm2/xor/outputs/family_pipeline/cnf_dnf/20260301_221525/3dnf_28d/3dnf_28d_seed41_final_top_literals20_candidate_budget600_min_clause_literals1_max_clause_literals8_clause_len_penalty0.2_slot_pool_size24_compose_expansion4_repair_steps2_repair_top_literals20.json --project_root /dccstor/principled_ai/users/saranyaibm2/xor --top_literals 20 --candidate_budget 600 --min_clause_literals 1 --max_clause_literals 8 --clause_len_penalty 0.2 --slot_pool_size 24 --compose_expansion 4 --repair_steps 2 --repair_top_literals 20 --checkpoint_dir /dccstor/principled_ai/users/saranyaibm2/xor/outputs/family_pipeline/cnf_dnf/20260301_221525/checkpoints/3dnf_28d_seed41
Saved: /dccstor/principled_ai/users/saranyaibm2/xor/outputs/family_pipeline/cnf_dnf/20260301_221525/3dnf_28d/3dnf_28d_seed41_final_top_literals20_candidate_budget600_min_clause_literals1_max_clause_literals8_clause_len_penalty0.2_slot_pool_size24_compose_expansion4_repair_steps2_repair_top_literals20.json
[EXECUTE] saved: /dccstor/principled_ai/users/saranyaibm2/xor/outputs/family_pipeline/cnf_dnf/20260301_221525/cnf_dnf_pipeline_summary.json
Job finished: Sun Mar  1 11:45:26 PM EST 2026

------------------------------------------------------------
Sender: LSF System <lsfadmin@cccxc579>
Subject: Job 499901: <xor_family_cnf_dnf> in cluster <CCC2_LSF> Done

Job <xor_family_cnf_dnf> was submitted from host <ccc-login2> by user <saranyaibm2> in cluster <CCC2_LSF> at Sun Mar  1 22:15:24 2026
Job was executed on host(s) <cccxc579>, in queue <normal>, as user <saranyaibm2> in cluster <CCC2_LSF> at Sun Mar  1 22:15:24 2026
</u/saranyaibm2> was used as the home directory.
</dccstor/principled_ai/users/saranyaibm2/xor> was used as the working directory.
Started at Sun Mar  1 22:15:24 2026
Terminated at Sun Mar  1 23:45:26 2026
Results reported at Sun Mar  1 23:45:26 2026

Your job looked like:

------------------------------------------------------------
# LSBATCH: User input
#!/bin/bash
#BSUB -J xor_family_cnf_dnf
#BSUB -q normal
#BSUB -gpu "num=1:mode=exclusive_process:gmodel=NVIDIAA100_SXM4_80GB"
#BSUB -M 80GB
#BSUB -R "rusage[mem=80GB]"
#BSUB -o /u/saranyaibm2/.lsbatch/%J.out
#BSUB -e /u/saranyaibm2/.lsbatch/%J.err
#BSUB -W 72:00

set -euo pipefail

PROJECT_DIR=/dccstor/principled_ai/users/saranyaibm2/xor
CACHE_DIR=/dccstor/principled_ai/users/saranyaibm2/hf_cache
VENV_DIR=${PROJECT_DIR}/.venv
TS=$(date +%Y%m%d_%H%M%S)
OUTPUT_ROOT=${PROJECT_DIR}/outputs/family_pipeline/cnf_dnf/${TS}
SEEDS="${SEEDS:-41}"
EXECUTE=1
TASKS="${TASKS:-3cnf_28d,3dnf_28d}"

# Tuned for clause-structured CNF/DNF proposer + formula-pool verifier.
TRAIN_TASKS=120000
TRAIN_EVAL_TASKS=${VAL_TASKS:-1000}
BATCH_SIZE=128
EPOCHS=50
VAL_TASKS=${VAL_TASKS:-1000}
FINAL_TASKS=${FINAL_TASKS:-3000}

export HF_HOME="${CACHE_DIR}"
export TRANSFORMERS_CACHE="${CACHE_DIR}"
export HF_DATASETS_CACHE="${CACHE_DIR}"

cd "${PROJECT_DIR}"
mkdir -p "${CACHE_DIR}" "${OUTPUT_ROOT}"

if [ ! -d "${VENV_DIR}" ]; then
  python3 -m venv "${VENV_DIR}"
fi
source "${VENV_DIR}/bin/activate"
python3 -m pip install --upgrade pip
if [ -f "requirements.txt" ]; then
  python3 -m pip install -r requirements.txt
fi

echo "Job started: $(date)"
echo "Host: $(hostname)"
echo "Job ID: ${LSB_JOBID:-unknown}"
echo "Output root: ${OUTPUT_ROOT}"


(... more ...)
------------------------------------------------------------

Successfully completed.

Resource usage summary:

    CPU time :                                   80332.00 sec.
    Max Memory :                                 1 GB
    Average Memory :                             0.90 GB
    Total Requested Memory :                     80.00 GB
    Delta Memory :                               79.00 GB
    Max Swap :                                   -
    Max Processes :                              5
    Max Threads :                                199
    Run time :                                   5405 sec.
    Turnaround time :                            5402 sec.

The output (if any) is above this job summary.



PS:

Read file </u/saranyaibm2/.lsbatch/499901.err> for stderr output of this job.

